hand,draws_left,best_draw,hand_after,bet_model,value_heuristic,position,num_cards_kept,num_opponent_kept,action,pot_size,bet_size,pot_odds,bet_this_hand,actions_this_round,actions_full_hand,total_bet,result,margin_bet,margin_result
"[7d,6c,Jc,8s,Jd]",3,,,man,0.3,0,0,0,pos_BB,0.0,100,0.0,0.0,,,100.0,150.0,100.0,50.0
"[Kc,2h,Qs,Th,Td]",3,,,CNN,0.3,1,0,0,pos_SB,100.0,50,2.0,0.0,,,50.0,0.0,50.0,-50.0
"[Kc,2h,Qs,Th,Td]",3,,,CNN,0.34011,1,0,0,FOLD,150.0,0,0.0,50.0,,,50.0,0.0,0.0,0.0
"[5h,8c,Qc,6h,9h]",3,,,CNN,0.3,0,0,0,pos_BB,0.0,100,0.0,0.0,,,600.0,0.0,600.0,-600.0
"[Th,7h,Jd,2s,4s]",3,,,man,0.3,1,0,0,pos_SB,100.0,50,2.0,0.0,,,800.0,1400.0,800.0,600.0
"[Th,7h,Jd,2s,4s]",3,,,man,0.3,1,0,0,raise_small,150.0,150.0,1.0,50.0,,,800.0,1400.0,750.0,650.0
"[5h,8c,Qc,6h,9h]",3,,,CNN,0.392602,0,0,0,raise_small,300.0,200.0,1.5,100.0,1,1,600.0,0.0,500.0,-500.0
"[Th,7h,Jd,2s,4s]",3,,,man,0.3,1,0,0,call_small,500.0,100.0,5.0,200.0,11,11,800.0,1400.0,600.0,800.0
"[5h,8c,Qc,6h,9h]",3,"[5h,8c,6h,9h]","[5h,8c,6h,9h,8d]",,0.392602,0,0,0,draw,600.0,0,0.0,300.0,,110,600.0,0.0,300.0,-300.0
"[Th,7h,Jd,2s,4s]",3,"[7h,2s,4s]","[7h,2s,4s,Kh,3h]",,0.3,1,0,0,draw,600.0,0,0.0,300.0,,110,800.0,1400.0,500.0,900.0
"[5h,8c,6h,9h,8d]",2,,,CNN,0.295646,0,4,3,bet_small,600.0,100.0,6.0,300.0,,110,600.0,0.0,300.0,-300.0
"[7h,2s,4s,Kh,3h]",2,,,man,0.3,1,3,4,call_small,700.0,100.0,7.0,300.0,1,1101,800.0,1400.0,500.0,900.0
"[5h,8c,6h,9h,8d]",2,"[5h,6h,8d]","[5h,6h,8d,3d,Ac]",,0.295646,0,0,0,draw,800.0,0,0.0,400.0,,11010,600.0,0.0,200.0,-200.0
"[7h,2s,4s,Kh,3h]",2,"[7h,2s,4s,3h]","[7h,2s,4s,3h,Tc]",,0.3,1,0,0,draw,800.0,0,0.0,400.0,,11010,800.0,1400.0,400.0,1000.0
"[5h,6h,8d,3d,Ac]",1,,,CNN,0.277836,0,3,4,bet_big,800.0,200.0,4.0,400.0,,11010,600.0,0.0,200.0,-200.0
"[7h,2s,4s,3h,Tc]",1,,,man,0.3,1,4,3,raise_big,1000.0,400.0,2.5,400.0,1,110101,800.0,1400.0,400.0,1000.0
"[5h,6h,8d,3d,Ac]",1,,,CNN,0.277836,0,3,4,FOLD,1400.0,0,0.0,600.0,11,1101011,600.0,0.0,0.0,0.0
"[Qc,Ac,4d,2d,4h]",3,,,man,0.3,0,0,0,pos_BB,0.0,100,0.0,0.0,,,400.0,600.0,400.0,200.0
"[3h,Ad,Qd,9s,5h]",3,,,CNN,0.3,1,0,0,pos_SB,100.0,50,2.0,0.0,,,200.0,0.0,200.0,-200.0
"[3h,Ad,Qd,9s,5h]",3,,,CNN,0.400546,1,0,0,raise_small,150.0,150.0,1.0,50.0,,,200.0,0.0,150.0,-150.0
"[Qc,Ac,4d,2d,4h]",3,,,man,0.3,0,0,0,call_small,300.0,100.0,3.0,100.0,1,1,400.0,600.0,300.0,300.0
"[Qc,Ac,4d,2d,4h]",3,"[2d,4h]","[2d,4h,9c,4s,4c]",,0.3,0,0,0,draw,400.0,0,0.0,200.0,,10,400.0,600.0,200.0,400.0
"[3h,Ad,Qd,9s,5h]",3,"[3h,9s,5h]","[3h,9s,5h,Kh,Kd]",,0.400546,1,0,0,draw,400.0,0,0.0,200.0,,10,200.0,0.0,0.0,0.0
"[2d,4h,9c,4s,4c]",2,,,man,0.3,0,2,3,check,400.0,0,0.0,200.0,,10,400.0,600.0,200.0,400.0
"[3h,9s,5h,Kh,Kd]",2,,,CNN,0.284857,1,3,2,check,400.0,0,0.0,200.0,0,100,200.0,0.0,0.0,0.0
"[2d,4h,9c,4s,4c]",2,"[2d,4h,9c]","[2d,4h,9c,Qs,Ah]",,0.3,0,0,0,draw,400.0,0,0.0,200.0,,1000,400.0,600.0,200.0,400.0
"[3h,9s,5h,Kh,Kd]",2,"[3h,9s,5h]","[3h,9s,5h,5d,8s]",,0.284857,1,0,0,draw,400.0,0,0.0,200.0,,1000,200.0,0.0,0.0,0.0
"[2d,4h,9c,Qs,Ah]",1,,,man,0.3,0,3,3,bet_big,400.0,200.0,2.0,200.0,,1000,400.0,600.0,200.0,400.0
"[3h,9s,5h,5d,8s]",1,,,CNN,0.240596,1,3,3,FOLD,600.0,0,0.0,200.0,1,10001,200.0,0.0,0.0,0.0
"[5s,5c,Tc,9h,2c]",3,,,CNN,0.3,0,0,0,pos_BB,0.0,100,0.0,0.0,,,800.0,1400.0,800.0,600.0
"[Jd,Qs,4s,4h,8h]",3,,,man,0.3,1,0,0,pos_SB,100.0,50,2.0,0.0,,,600.0,0.0,600.0,-600.0
"[Jd,Qs,4s,4h,8h]",3,,,man,0.3,1,0,0,raise_small,150.0,150.0,1.0,50.0,,,600.0,0.0,550.0,-550.0
"[5s,5c,Tc,9h,2c]",3,,,CNN,0.393081,0,0,0,call_small,300.0,100.0,3.0,100.0,1,1,800.0,1400.0,700.0,700.0
"[5s,5c,Tc,9h,2c]",3,"[5c,9h,2c]","[5c,9h,2c,7d,5d]",,0.393081,0,0,0,draw,400.0,0,0.0,200.0,,10,800.0,1400.0,600.0,800.0
"[Jd,Qs,4s,4h,8h]",3,"[4h,8h]","[4h,8h,7h,3s,Ks]",,0.3,1,0,0,draw,400.0,0,0.0,200.0,,10,600.0,0.0,400.0,-400.0
"[5c,9h,2c,7d,5d]",2,,,CNN,0.397947,0,3,2,bet_small,400.0,100.0,4.0,200.0,,10,800.0,1400.0,600.0,800.0
"[4h,8h,7h,3s,Ks]",2,,,man,0.3,1,2,3,raise_small,500.0,200.0,2.5,200.0,1,101,600.0,0.0,400.0,-400.0
"[5c,9h,2c,7d,5d]",2,,,CNN,0.397947,0,3,2,call_small,700.0,100.0,7.0,300.0,11,1011,800.0,1400.0,500.0,900.0
"[5c,9h,2c,7d,5d]",2,"[9h,2c,7d,5d]","[9h,2c,7d,5d,4c]",,0.397947,0,0,0,draw,800.0,0,0.0,400.0,,10110,800.0,1400.0,400.0,1000.0
"[4h,8h,7h,3s,Ks]",2,"[4h,8h,7h,3s]","[4h,8h,7h,3s,8s]",,0.3,1,0,0,draw,800.0,0,0.0,400.0,,10110,600.0,0.0,200.0,-200.0
"[9h,2c,7d,5d,4c]",1,,,CNN,0.665104,0,4,4,bet_big,800.0,200.0,4.0,400.0,,10110,800.0,1400.0,400.0,1000.0
"[4h,8h,7h,3s,8s]",1,,,man,0.3,1,4,4,call_big,1000.0,200.0,5.0,400.0,1,101101,600.0,0.0,200.0,-200.0
"[9h,2c,7d,5d,4c]",1,"[9h,2c,7d,5d,4c]","[9h,2c,7d,5d,4c]",,0.665104,0,0,0,draw,1200.0,0,0.0,600.0,,1011010,800.0,1400.0,200.0,1200.0
"[4h,8h,7h,3s,8s]",1,"[4h,8h,7h,3s]","[4h,8h,7h,3s,Td]",,0.3,1,0,0,draw,1200.0,0,0.0,600.0,,1011010,600.0,0.0,0.0,0.0
"[9h,2c,7d,5d,4c]",0,,,CNN,0.665104,0,5,4,bet_big,1200.0,200.0,6.0,600.0,,1011010,800.0,1400.0,200.0,1200.0
"[4h,8h,7h,3s,Td]",0,,,man,0.3,1,4,5,FOLD,1400.0,0,0.0,600.0,1,10110101,600.0,0.0,0.0,0.0
"[5c,4h,Kc,6d,5s]",3,,,man,0.3,0,0,0,pos_BB,0.0,100,0.0,0.0,,,1100.0,2200.0,1100.0,1100.0
"[7d,6c,Ah,Jc,2c]",3,,,CNN,0.3,1,0,0,pos_SB,100.0,50,2.0,0.0,,,1100.0,0.0,1100.0,-1100.0
"[7d,6c,Ah,Jc,2c]",3,,,CNN,0.461284,1,0,0,raise_small,150.0,150.0,1.0,50.0,,,1100.0,0.0,1050.0,-1050.0
"[5c,4h,Kc,6d,5s]",3,,,man,0.3,0,0,0,call_small,300.0,100.0,3.0,100.0,1,1,1100.0,2200.0,1000.0,1200.0
"[5c,4h,Kc,6d,5s]",3,"[5c,4h,6d]","[5c,4h,6d,8h,9h]",,0.3,0,0,0,draw,400.0,0,0.0,200.0,,10,1100.0,2200.0,900.0,1300.0
"[7d,6c,Ah,Jc,2c]",3,"[7d,6c,2c]","[7d,6c,2c,Td,4d]",,0.461284,1,0,0,draw,400.0,0,0.0,200.0,,10,1100.0,0.0,900.0,-900.0
"[5c,4h,6d,8h,9h]",2,,,man,0.3,0,3,3,check,400.0,0,0.0,200.0,,10,1100.0,2200.0,900.0,1300.0
"[7d,6c,2c,Td,4d]",2,,,CNN,0.480549,1,3,3,bet_small,400.0,100.0,4.0,200.0,0,100,1100.0,0.0,900.0,-900.0
"[5c,4h,6d,8h,9h]",2,,,man,0.3,0,3,3,raise_small,500.0,200.0,2.5,200.0,01,1001,1100.0,2200.0,900.0,1300.0
"[7d,6c,2c,Td,4d]",2,,,CNN,0.480549,1,3,3,raise_small,700.0,200.0,3.5,300.0,011,10011,1100.0,0.0,800.0,-800.0
"[5c,4h,6d,8h,9h]",2,,,man,0.3,0,3,3,call_small,900.0,100.0,9.0,400.0,0111,100111,1100.0,2200.0,700.0,1500.0
"[5c,4h,6d,8h,9h]",2,"[5c,4h,6d,8h,9h]","[5c,4h,6d,8h,9h]",,0.3,0,0,0,draw,1000.0,0,0.0,500.0,,1001110,1100.0,2200.0,600.0,1600.0
"[7d,6c,2c,Td,4d]",2,"[7d,6c,2c,4d]","[7d,6c,2c,4d,Kd]",,0.480549,1,0,0,draw,1000.0,0,0.0,500.0,,1001110,1100.0,0.0,600.0,-600.0
"[5c,4h,6d,8h,9h]",1,,,man,0.3,0,5,4,bet_big,1000.0,200.0,5.0,500.0,,1001110,1100.0,2200.0,600.0,1600.0
"[7d,6c,2c,4d,Kd]",1,,,CNN,0.300616,1,4,5,raise_big,1200.0,400.0,3.0,500.0,1,10011101,1100.0,0.0,600.0,-600.0
"[5c,4h,6d,8h,9h]",1,,,man,0.3,0,5,4,call_big,1600.0,200.0,8.0,700.0,11,100111011,1100.0,2200.0,400.0,1800.0
"[5c,4h,6d,8h,9h]",1,"[5c,4h,6d,8h,9h]","[5c,4h,6d,8h,9h]",,0.3,0,0,0,draw,1800.0,0,0.0,900.0,,1001110110,1100.0,2200.0,200.0,2000.0
"[7d,6c,2c,4d,Kd]",1,"[7d,6c,2c,4d]","[7d,6c,2c,4d,Js]",,0.300616,1,0,0,draw,1800.0,0,0.0,900.0,,1001110110,1100.0,0.0,200.0,-200.0
"[5c,4h,6d,8h,9h]",0,,,man,0.3,0,5,4,check,1800.0,0,0.0,900.0,,1001110110,1100.0,2200.0,200.0,2000.0
"[7d,6c,2c,4d,Js]",0,,,CNN,0.160897,1,4,5,bet_big,1800.0,200.0,9.0,900.0,0,10011101100,1100.0,0.0,200.0,-200.0
"[5c,4h,6d,8h,9h]",0,,,man,0.3,0,5,4,call_big,2000.0,200.0,10.0,900.0,01,100111011001,1100.0,2200.0,200.0,2000.0
"[4c,Jc,3h,8s,2d]",3,,,CNN,0.3,0,0,0,pos_BB,0.0,100,0.0,0.0,,,900.0,0.0,900.0,-900.0
"[6d,2h,7d,Kc,5h]",3,,,man,0.3,1,0,0,pos_SB,100.0,50,2.0,0.0,,,1100.0,2000.0,1100.0,900.0
"[6d,2h,7d,Kc,5h]",3,,,man,0.3,1,0,0,raise_small,150.0,150.0,1.0,50.0,,,1100.0,2000.0,1050.0,950.0
"[4c,Jc,3h,8s,2d]",3,,,CNN,0.622269,0,0,0,raise_small,300.0,200.0,1.5,100.0,1,1,900.0,0.0,800.0,-800.0
"[6d,2h,7d,Kc,5h]",3,,,man,0.3,1,0,0,raise_small,500.0,200.0,2.5,200.0,11,11,1100.0,2000.0,900.0,1100.0
"[4c,Jc,3h,8s,2d]",3,,,CNN,0.622269,0,0,0,call_small,700.0,100.0,7.0,300.0,111,111,900.0,0.0,600.0,-600.0
"[4c,Jc,3h,8s,2d]",3,"[4c,3h,8s,2d]","[4c,3h,8s,2d,Qd]",,0.622269,0,0,0,draw,800.0,0,0.0,400.0,,1110,900.0,0.0,500.0,-500.0
"[6d,2h,7d,Kc,5h]",3,"[6d,2h,7d,5h]","[6d,2h,7d,5h,4d]",,0.3,1,0,0,draw,800.0,0,0.0,400.0,,1110,1100.0,2000.0,700.0,1300.0
"[4c,3h,8s,2d,Qd]",2,,,CNN,0.475953,0,4,4,bet_small,800.0,100.0,8.0,400.0,,1110,900.0,0.0,500.0,-500.0
"[6d,2h,7d,5h,4d]",2,,,man,0.3,1,4,4,raise_small,900.0,200.0,4.5,400.0,1,11101,1100.0,2000.0,700.0,1300.0
"[4c,3h,8s,2d,Qd]",2,,,CNN,0.475953,0,4,4,raise_small,1100.0,200.0,5.5,500.0,11,111011,900.0,0.0,400.0,-400.0
"[6d,2h,7d,5h,4d]",2,,,man,0.3,1,4,4,call_small,1300.0,100.0,13.0,600.0,111,1110111,1100.0,2000.0,500.0,1500.0
"[4c,3h,8s,2d,Qd]",2,"[4c,3h,8s,2d]","[4c,3h,8s,2d,4h]",,0.475953,0,0,0,draw,1400.0,0,0.0,700.0,,11101110,900.0,0.0,200.0,-200.0
"[6d,2h,7d,5h,4d]",2,"[6d,2h,7d,5h,4d]","[6d,2h,7d,5h,4d]",,0.3,1,0,0,draw,1400.0,0,0.0,700.0,,11101110,1100.0,2000.0,400.0,1600.0
"[4c,3h,8s,2d,4h]",1,,,CNN,0.30114,0,4,5,bet_big,1400.0,200.0,7.0,700.0,,11101110,900.0,0.0,200.0,-200.0
"[6d,2h,7d,5h,4d]",1,,,man,0.3,1,5,4,raise_big,1600.0,400.0,4.0,700.0,1,111011101,1100.0,2000.0,400.0,1600.0
"[4c,3h,8s,2d,4h]",1,,,CNN,0.30114,0,4,5,FOLD,2000.0,0,0.0,900.0,11,1110111011,900.0,0.0,0.0,0.0
"[6s,Js,Kd,Jd,Ks]",3,,,man,0.3,0,0,0,pos_BB,0.0,100,0.0,0.0,,,100.0,0.0,100.0,-100.0
"[7d,9d,Ah,Qd,2h]",3,,,CNN,0.3,1,0,0,pos_SB,100.0,50,2.0,0.0,,,200.0,300.0,200.0,100.0
"[7d,9d,Ah,Qd,2h]",3,,,CNN,0.388167,1,0,0,raise_small,150.0,150.0,1.0,50.0,,,200.0,300.0,150.0,150.0
"[6s,Js,Kd,Jd,Ks]",3,,,man,0.3,0,0,0,FOLD,300.0,0,0.0,100.0,1,1,100.0,0.0,0.0,0.0
"[Ah,As,7h,Qc,9c]",3,,,CNN,0.3,0,0,0,pos_BB,0.0,100,0.0,0.0,,,100.0,0.0,100.0,-100.0
"[4s,6h,Ac,Jc,5d]",3,,,man,0.3,1,0,0,pos_SB,100.0,50,2.0,0.0,,,200.0,300.0,200.0,100.0
"[4s,6h,Ac,Jc,5d]",3,,,man,0.3,1,0,0,raise_small,150.0,150.0,1.0,50.0,,,200.0,300.0,150.0,150.0
"[Ah,As,7h,Qc,9c]",3,,,CNN,0.322201,0,0,0,FOLD,300.0,0,0.0,100.0,1,1,100.0,0.0,0.0,0.0
"[3d,Th,8c,Jc,Qc]",3,,,man,0.3,0,0,0,pos_BB,0.0,100,0.0,0.0,,,300.0,0.0,300.0,-300.0
"[2s,4c,7c,6d,Ks]",3,,,CNN,0.3,1,0,0,pos_SB,100.0,50,2.0,0.0,,,500.0,800.0,500.0,300.0
"[2s,4c,7c,6d,Ks]",3,,,CNN,0.622867,1,0,0,raise_small,150.0,150.0,1.0,50.0,,,500.0,800.0,450.0,350.0
"[3d,Th,8c,Jc,Qc]",3,,,man,0.3,0,0,0,call_small,300.0,100.0,3.0,100.0,1,1,300.0,0.0,200.0,-200.0
"[3d,Th,8c,Jc,Qc]",3,"[3d,8c]","[3d,8c,5s,5h,As]",,0.3,0,0,0,draw,400.0,0,0.0,200.0,,10,300.0,0.0,100.0,-100.0
"[2s,4c,7c,6d,Ks]",3,"[2s,4c,7c,6d]","[2s,4c,7c,6d,2c]",,0.622867,1,0,0,draw,400.0,0,0.0,200.0,,10,500.0,800.0,300.0,500.0
"[3d,8c,5s,5h,As]",2,,,man,0.3,0,2,4,check,400.0,0,0.0,200.0,,10,300.0,0.0,100.0,-100.0
"[2s,4c,7c,6d,2c]",2,,,CNN,0.574088,1,4,2,bet_small,400.0,100.0,4.0,200.0,0,100,500.0,800.0,300.0,500.0
"[3d,8c,5s,5h,As]",2,,,man,0.3,0,2,4,call_small,500.0,100.0,5.0,200.0,01,1001,300.0,0.0,100.0,-100.0
"[3d,8c,5s,5h,As]",2,"[3d,8c,5s]","[3d,8c,5s,Td,Ac]",,0.3,0,0,0,draw,600.0,0,0.0,300.0,,10010,300.0,0.0,0.0,0.0
"[2s,4c,7c,6d,2c]",2,"[2s,4c,7c,6d]","[2s,4c,7c,6d,7h]",,0.574088,1,0,0,draw,600.0,0,0.0,300.0,,10010,500.0,800.0,200.0,600.0
"[3d,8c,5s,Td,Ac]",1,,,man,0.3,0,3,4,check,600.0,0,0.0,300.0,,10010,300.0,0.0,0.0,0.0
"[2s,4c,7c,6d,7h]",1,,,CNN,0.329363,1,4,3,bet_big,600.0,200.0,3.0,300.0,0,100100,500.0,800.0,200.0,600.0
"[3d,8c,5s,Td,Ac]",1,,,man,0.3,0,3,4,FOLD,800.0,0,0.0,300.0,01,1001001,300.0,0.0,0.0,0.0
"[Ts,4d,8c,8h,6c]",3,,,CNN,0.3,0,0,0,pos_BB,0.0,100,0.0,0.0,,,1600.0,0.0,1600.0,-1600.0
"[6h,Jh,5h,Kh,4h]",3,,,man,0.3,1,0,0,pos_SB,100.0,50,2.0,0.0,,,1600.0,3200.0,1600.0,1600.0
"[6h,Jh,5h,Kh,4h]",3,,,man,0.3,1,0,0,raise_small,150.0,150.0,1.0,50.0,,,1600.0,3200.0,1550.0,1650.0
"[Ts,4d,8c,8h,6c]",3,,,CNN,0.427366,0,0,0,raise_small,300.0,200.0,1.5,100.0,1,1,1600.0,0.0,1500.0,-1500.0
"[6h,Jh,5h,Kh,4h]",3,,,man,0.3,1,0,0,call_small,500.0,100.0,5.0,200.0,11,11,1600.0,3200.0,1400.0,1800.0
"[Ts,4d,8c,8h,6c]",3,"[4d,8c,6c]","[4d,8c,6c,2s,Th]",,0.427366,0,0,0,draw,600.0,0,0.0,300.0,,110,1600.0,0.0,1300.0,-1300.0
"[6h,Jh,5h,Kh,4h]",3,"[6h,5h,4h]","[6h,5h,4h,Jd,2c]",,0.3,1,0,0,draw,600.0,0,0.0,300.0,,110,1600.0,3200.0,1300.0,1900.0
"[4d,8c,6c,2s,Th]",2,,,CNN,0.471493,0,3,3,bet_small,600.0,100.0,6.0,300.0,,110,1600.0,0.0,1300.0,-1300.0
"[6h,5h,4h,Jd,2c]",2,,,man,0.3,1,3,3,raise_small,700.0,200.0,3.5,300.0,1,1101,1600.0,3200.0,1300.0,1900.0
"[4d,8c,6c,2s,Th]",2,,,CNN,0.471493,0,3,3,raise_small,900.0,200.0,4.5,400.0,11,11011,1600.0,0.0,1200.0,-1200.0
"[6h,5h,4h,Jd,2c]",2,,,man,0.3,1,3,3,call_small,1100.0,100.0,11.0,500.0,111,110111,1600.0,3200.0,1100.0,2100.0
"[4d,8c,6c,2s,Th]",2,"[4d,8c,6c,2s]","[4d,8c,6c,2s,5c]",,0.471493,0,0,0,draw,1200.0,0,0.0,600.0,,1101110,1600.0,0.0,1000.0,-1000.0
"[6h,5h,4h,Jd,2c]",2,"[6h,5h,4h,2c]","[6h,5h,4h,2c,7c]",,0.3,1,0,0,draw,1200.0,0,0.0,600.0,,1101110,1600.0,3200.0,1000.0,2200.0
"[4d,8c,6c,2s,5c]",1,,,CNN,0.851197,0,4,4,bet_big,1200.0,200.0,6.0,600.0,,1101110,1600.0,0.0,1000.0,-1000.0
"[6h,5h,4h,2c,7c]",1,,,man,0.3,1,4,4,call_big,1400.0,200.0,7.0,600.0,1,11011101,1600.0,3200.0,1000.0,2200.0
"[4d,8c,6c,2s,5c]",1,"[4d,8c,6c,2s,5c]","[4d,8c,6c,2s,5c]",,0.851197,0,0,0,draw,1600.0,0,0.0,800.0,,110111010,1600.0,0.0,800.0,-800.0
"[6h,5h,4h,2c,7c]",1,"[6h,5h,4h,2c,7c]","[6h,5h,4h,2c,7c]",,0.3,1,0,0,draw,1600.0,0,0.0,800.0,,110111010,1600.0,3200.0,800.0,2400.0
"[4d,8c,6c,2s,5c]",0,,,CNN,0.851197,0,5,5,bet_big,1600.0,200.0,8.0,800.0,,110111010,1600.0,0.0,800.0,-800.0
"[6h,5h,4h,2c,7c]",0,,,man,0.3,1,5,5,raise_big,1800.0,400.0,4.5,800.0,1,1101110101,1600.0,3200.0,800.0,2400.0
"[4d,8c,6c,2s,5c]",0,,,CNN,0.851197,0,5,5,raise_big,2200.0,400.0,5.5,1000.0,11,11011101011,1600.0,0.0,600.0,-600.0
"[6h,5h,4h,2c,7c]",0,,,man,0.3,1,5,5,raise_big,2600.0,400.0,6.5,1200.0,111,110111010111,1600.0,3200.0,400.0,2800.0
"[4d,8c,6c,2s,5c]",0,,,CNN,0.851197,0,5,5,call_big,3000.0,200.0,15.0,1400.0,1111,1101110101111,1600.0,0.0,200.0,-200.0
"[2d,5s,7s,Td,As]",3,,,man,0.3,0,0,0,pos_BB,0.0,100,0.0,0.0,,,700.0,0.0,700.0,-700.0
"[Js,5c,7d,Kh,6d]",3,,,CNN,0.3,1,0,0,pos_SB,100.0,50,2.0,0.0,,,900.0,1600.0,900.0,700.0
"[Js,5c,7d,Kh,6d]",3,,,CNN,0.409894,1,0,0,call_small,150.0,50.0,3.0,50.0,,,900.0,1600.0,850.0,750.0
"[2d,5s,7s,Td,As]",3,,,man,0.3,0,0,0,raise_small,200.0,100.0,2.0,100.0,0,0,700.0,0.0,600.0,-600.0
"[Js,5c,7d,Kh,6d]",3,,,CNN,0.409894,1,0,0,raise_small,300.0,200.0,1.5,100.0,01,01,900.0,1600.0,800.0,800.0
"[2d,5s,7s,Td,As]",3,,,man,0.3,0,0,0,call_small,500.0,100.0,5.0,200.0,011,011,700.0,0.0,500.0,-500.0
"[2d,5s,7s,Td,As]",3,"[2d,5s,7s]","[2d,5s,7s,4h,7h]",,0.3,0,0,0,draw,600.0,0,0.0,300.0,,0110,700.0,0.0,400.0,-400.0
"[Js,5c,7d,Kh,6d]",3,"[5c,7d,6d]","[5c,7d,6d,3c,2c]",,0.409894,1,0,0,draw,600.0,0,0.0,300.0,,0110,900.0,1600.0,600.0,1000.0
"[2d,5s,7s,4h,7h]",2,,,man,0.3,0,3,3,bet_small,600.0,100.0,6.0,300.0,,0110,700.0,0.0,400.0,-400.0
"[5c,7d,6d,3c,2c]",2,,,CNN,0.902945,1,3,3,raise_small,700.0,200.0,3.5,300.0,1,01101,900.0,1600.0,600.0,1000.0
"[2d,5s,7s,4h,7h]",2,,,man,0.3,0,3,3,call_small,900.0,100.0,9.0,400.0,11,011011,700.0,0.0,300.0,-300.0
"[2d,5s,7s,4h,7h]",2,"[2d,5s,7s,4h]","[2d,5s,7s,4h,Jd]",,0.3,0,0,0,draw,1000.0,0,0.0,500.0,,0110110,700.0,0.0,200.0,-200.0
"[5c,7d,6d,3c,2c]",2,"[5c,7d,6d,3c,2c]","[5c,7d,6d,3c,2c]",,0.902945,1,0,0,draw,1000.0,0,0.0,500.0,,0110110,900.0,1600.0,400.0,1200.0
"[2d,5s,7s,4h,Jd]",1,,,man,0.3,0,4,5,check,1000.0,0,0.0,500.0,,0110110,700.0,0.0,200.0,-200.0
"[5c,7d,6d,3c,2c]",1,,,CNN,0.857662,1,5,4,bet_big,1000.0,200.0,5.0,500.0,0,01101100,900.0,1600.0,400.0,1200.0
"[2d,5s,7s,4h,Jd]",1,,,man,0.3,0,4,5,call_big,1200.0,200.0,6.0,500.0,01,011011001,700.0,0.0,200.0,-200.0
"[2d,5s,7s,4h,Jd]",1,"[2d,5s,7s,4h]","[2d,5s,7s,4h,Kc]",,0.3,0,0,0,draw,1400.0,0,0.0,700.0,,0110110010,700.0,0.0,0.0,0.0
"[5c,7d,6d,3c,2c]",1,"[5c,7d,6d,3c,2c]","[5c,7d,6d,3c,2c]",,0.857662,1,0,0,draw,1400.0,0,0.0,700.0,,0110110010,900.0,1600.0,200.0,1400.0
"[2d,5s,7s,4h,Kc]",0,,,man,0.3,0,4,5,check,1400.0,0,0.0,700.0,,0110110010,700.0,0.0,0.0,0.0
"[5c,7d,6d,3c,2c]",0,,,CNN,0.857662,1,5,4,bet_big,1400.0,200.0,7.0,700.0,0,01101100100,900.0,1600.0,200.0,1400.0
"[2d,5s,7s,4h,Kc]",0,,,man,0.3,0,4,5,FOLD,1600.0,0,0.0,700.0,01,011011001001,700.0,0.0,0.0,0.0
"[Kd,6h,6d,3s,8d]",3,,,CNN,0.3,0,0,0,pos_BB,0.0,100,0.0,0.0,,,1200.0,0.0,1200.0,-1200.0
"[5h,Ad,7s,9h,5s]",3,,,man,0.3,1,0,0,pos_SB,100.0,50,2.0,0.0,,,1200.0,2400.0,1200.0,1200.0
"[5h,Ad,7s,9h,5s]",3,,,man,0.3,1,0,0,raise_small,150.0,150.0,1.0,50.0,,,1200.0,2400.0,1150.0,1250.0
"[Kd,6h,6d,3s,8d]",3,,,CNN,0.436316,0,0,0,raise_small,300.0,200.0,1.5,100.0,1,1,1200.0,0.0,1100.0,-1100.0
"[5h,Ad,7s,9h,5s]",3,,,man,0.3,1,0,0,call_small,500.0,100.0,5.0,200.0,11,11,1200.0,2400.0,1000.0,1400.0
"[Kd,6h,6d,3s,8d]",3,"[6d,3s,8d]","[6d,3s,8d,2s,Kh]",,0.436316,0,0,0,draw,600.0,0,0.0,300.0,,110,1200.0,0.0,900.0,-900.0
"[5h,Ad,7s,9h,5s]",3,"[5h,7s]","[5h,7s,5d,Jc,Qs]",,0.3,1,0,0,draw,600.0,0,0.0,300.0,,110,1200.0,2400.0,900.0,1500.0
"[6d,3s,8d,2s,Kh]",2,,,CNN,0.480757,0,3,2,bet_small,600.0,100.0,6.0,300.0,,110,1200.0,0.0,900.0,-900.0
"[5h,7s,5d,Jc,Qs]",2,,,man,0.3,1,2,3,call_small,700.0,100.0,7.0,300.0,1,1101,1200.0,2400.0,900.0,1500.0
"[6d,3s,8d,2s,Kh]",2,"[6d,3s,8d,2s]","[6d,3s,8d,2s,Js]",,0.480757,0,0,0,draw,800.0,0,0.0,400.0,,11010,1200.0,0.0,800.0,-800.0
"[5h,7s,5d,Jc,Qs]",2,"[5h,7s]","[5h,7s,Td,9d,6c]",,0.3,1,0,0,draw,800.0,0,0.0,400.0,,11010,1200.0,2400.0,800.0,1600.0
"[6d,3s,8d,2s,Js]",1,,,CNN,0.302143,0,4,2,bet_big,800.0,200.0,4.0,400.0,,11010,1200.0,0.0,800.0,-800.0
"[5h,7s,Td,9d,6c]",1,,,man,0.3,1,2,4,raise_big,1000.0,400.0,2.5,400.0,1,110101,1200.0,2400.0,800.0,1600.0
"[6d,3s,8d,2s,Js]",1,,,CNN,0.302143,0,4,2,raise_big,1400.0,400.0,3.5,600.0,11,1101011,1200.0,0.0,600.0,-600.0
"[5h,7s,Td,9d,6c]",1,,,man,0.3,1,2,4,call_big,1800.0,200.0,9.0,800.0,111,11010111,1200.0,2400.0,400.0,2000.0
"[6d,3s,8d,2s,Js]",1,"[6d,3s,8d,2s]","[6d,3s,8d,2s,2h]",,0.302143,0,0,0,draw,2000.0,0,0.0,1000.0,,110101110,1200.0,0.0,200.0,-200.0
"[5h,7s,Td,9d,6c]",1,"[5h,7s,Td,9d,6c]","[5h,7s,Td,9d,6c]",,0.3,1,0,0,draw,2000.0,0,0.0,1000.0,,110101110,1200.0,2400.0,200.0,2200.0
"[6d,3s,8d,2s,2h]",0,,,CNN,0.0797597,0,4,5,bet_big,2000.0,200.0,10.0,1000.0,,110101110,1200.0,0.0,200.0,-200.0
"[5h,7s,Td,9d,6c]",0,,,man,0.3,1,5,4,call_big,2200.0,200.0,11.0,1000.0,1,1101011101,1200.0,2400.0,200.0,2200.0
"[Tc,As,Ks,3d,Kh]",3,,,man,0.3,0,0,0,pos_BB,0.0,100,0.0,0.0,,,600.0,1200.0,600.0,600.0
"[Kd,4h,8d,8c,6h]",3,,,CNN,0.3,1,0,0,pos_SB,100.0,50,2.0,0.0,,,600.0,0.0,600.0,-600.0
"[Kd,4h,8d,8c,6h]",3,,,CNN,0.429971,1,0,0,call_small,150.0,50.0,3.0,50.0,,,600.0,0.0,550.0,-550.0
"[Tc,As,Ks,3d,Kh]",3,,,man,0.3,0,0,0,check,200.0,0,0.0,100.0,0,0,600.0,1200.0,500.0,700.0
"[Tc,As,Ks,3d,Kh]",3,[3d],"[3d,9d,5s,4c,Qd]",,0.3,0,0,0,draw,200.0,0,0.0,100.0,,00,600.0,1200.0,500.0,700.0
"[Kd,4h,8d,8c,6h]",3,"[4h,8d,6h]","[4h,8d,6h,5h,6d]",,0.429971,1,0,0,draw,200.0,0,0.0,100.0,,00,600.0,0.0,500.0,-500.0
"[3d,9d,5s,4c,Qd]",2,,,man,0.3,0,1,3,check,200.0,0,0.0,100.0,,00,600.0,1200.0,500.0,700.0
"[4h,8d,6h,5h,6d]",2,,,CNN,0.40299,1,3,1,bet_small,200.0,100.0,2.0,100.0,0,000,600.0,0.0,500.0,-500.0
"[3d,9d,5s,4c,Qd]",2,,,man,0.3,0,1,3,call_small,300.0,100.0,3.0,100.0,01,0001,600.0,1200.0,500.0,700.0
"[3d,9d,5s,4c,Qd]",2,"[3d,5s,4c]","[3d,5s,4c,7h,Jc]",,0.3,0,0,0,draw,400.0,0,0.0,200.0,,00010,600.0,1200.0,400.0,800.0
"[4h,8d,6h,5h,6d]",2,"[4h,8d,5h,6d]","[4h,8d,5h,6d,Qs]",,0.40299,1,0,0,draw,400.0,0,0.0,200.0,,00010,600.0,0.0,400.0,-400.0
"[3d,5s,4c,7h,Jc]",1,,,man,0.3,0,3,4,check,400.0,0,0.0,200.0,,00010,600.0,1200.0,400.0,800.0
"[4h,8d,5h,6d,Qs]",1,,,CNN,0.253922,1,4,3,bet_big,400.0,200.0,2.0,200.0,0,000100,600.0,0.0,400.0,-400.0
"[3d,5s,4c,7h,Jc]",1,,,man,0.3,0,3,4,call_big,600.0,200.0,3.0,200.0,01,0001001,600.0,1200.0,400.0,800.0
"[3d,5s,4c,7h,Jc]",1,"[3d,5s,4c,7h,Jc]","[3d,5s,4c,7h,Jc]",,0.3,0,0,0,draw,800.0,0,0.0,400.0,,00010010,600.0,1200.0,200.0,1000.0
"[4h,8d,5h,6d,Qs]",1,"[4h,8d,5h,6d]","[4h,8d,5h,6d,8s]",,0.253922,1,0,0,draw,800.0,0,0.0,400.0,,00010010,600.0,0.0,200.0,-200.0
"[3d,5s,4c,7h,Jc]",0,,,man,0.3,0,5,4,check,800.0,0,0.0,400.0,,00010010,600.0,1200.0,200.0,1000.0
"[4h,8d,5h,6d,8s]",0,,,CNN,0.0752035,1,4,5,bet_big,800.0,200.0,4.0,400.0,0,000100100,600.0,0.0,200.0,-200.0
"[3d,5s,4c,7h,Jc]",0,,,man,0.3,0,5,4,call_big,1000.0,200.0,5.0,400.0,01,0001001001,600.0,1200.0,200.0,1000.0
"[Ah,Jc,Td,Kd,6d]",3,,,CNN,0.3,0,0,0,pos_BB,0.0,100,0.0,0.0,,,300.0,0.0,300.0,-300.0
"[9s,Ac,Ts,Kh,4d]",3,,,man,0.3,1,0,0,pos_SB,100.0,50,2.0,0.0,,,400.0,700.0,400.0,300.0
"[9s,Ac,Ts,Kh,4d]",3,,,man,0.3,1,0,0,raise_small,150.0,150.0,1.0,50.0,,,400.0,700.0,350.0,350.0
"[Ah,Jc,Td,Kd,6d]",3,,,CNN,0.307945,0,0,0,call_small,300.0,100.0,3.0,100.0,1,1,300.0,0.0,200.0,-200.0
"[Ah,Jc,Td,Kd,6d]",3,[6d],"[6d,5s,Jd,4h,Jh]",,0.307945,0,0,0,draw,400.0,0,0.0,200.0,,10,300.0,0.0,100.0,-100.0
"[9s,Ac,Ts,Kh,4d]",3,[4d],"[4d,5c,Ad,2h,6h]",,0.3,1,0,0,draw,400.0,0,0.0,200.0,,10,400.0,700.0,200.0,500.0
"[6d,5s,Jd,4h,Jh]",2,,,CNN,0.285985,0,1,1,bet_small,400.0,100.0,4.0,200.0,,10,300.0,0.0,100.0,-100.0
"[4d,5c,Ad,2h,6h]",2,,,man,0.3,1,1,1,raise_small,500.0,200.0,2.5,200.0,1,101,400.0,700.0,200.0,500.0
"[6d,5s,Jd,4h,Jh]",2,,,CNN,0.285985,0,1,1,FOLD,700.0,0,0.0,300.0,11,1011,300.0,0.0,0.0,0.0
"[4h,8d,Ts,7h,4s]",3,,,man,0.3,0,0,0,pos_BB,0.0,100,0.0,0.0,,,800.0,1400.0,800.0,600.0
"[5s,6c,2c,5h,Tc]",3,,,CNN,0.3,1,0,0,pos_SB,100.0,50,2.0,0.0,,,600.0,0.0,600.0,-600.0
"[5s,6c,2c,5h,Tc]",3,,,CNN,0.455359,1,0,0,call_small,150.0,50.0,3.0,50.0,,,600.0,0.0,550.0,-550.0
"[4h,8d,Ts,7h,4s]",3,,,man,0.3,0,0,0,raise_small,200.0,100.0,2.0,100.0,0,0,800.0,1400.0,700.0,700.0
"[5s,6c,2c,5h,Tc]",3,,,CNN,0.455359,1,0,0,raise_small,300.0,200.0,1.5,100.0,01,01,600.0,0.0,500.0,-500.0
"[4h,8d,Ts,7h,4s]",3,,,man,0.3,0,0,0,call_small,500.0,100.0,5.0,200.0,011,011,800.0,1400.0,600.0,800.0
"[4h,8d,Ts,7h,4s]",3,"[4h,8d,7h]","[4h,8d,7h,Qd,8s]",,0.3,0,0,0,draw,600.0,0,0.0,300.0,,0110,800.0,1400.0,500.0,900.0
"[5s,6c,2c,5h,Tc]",3,"[5s,6c,2c]","[5s,6c,2c,Th,Js]",,0.455359,1,0,0,draw,600.0,0,0.0,300.0,,0110,600.0,0.0,300.0,-300.0
"[4h,8d,7h,Qd,8s]",2,,,man,0.3,0,3,3,check,600.0,0,0.0,300.0,,0110,800.0,1400.0,500.0,900.0
"[5s,6c,2c,Th,Js]",2,,,CNN,0.325862,1,3,3,bet_small,600.0,100.0,6.0,300.0,0,01100,600.0,0.0,300.0,-300.0
"[4h,8d,7h,Qd,8s]",2,,,man,0.3,0,3,3,call_small,700.0,100.0,7.0,300.0,01,011001,800.0,1400.0,500.0,900.0
"[4h,8d,7h,Qd,8s]",2,"[4h,8d,7h]","[4h,8d,7h,6d,3s]",,0.3,0,0,0,draw,800.0,0,0.0,400.0,,0110010,800.0,1400.0,400.0,1000.0
"[5s,6c,2c,Th,Js]",2,"[5s,6c,2c]","[5s,6c,2c,5d,Ad]",,0.325862,1,0,0,draw,800.0,0,0.0,400.0,,0110010,600.0,0.0,200.0,-200.0
"[4h,8d,7h,6d,3s]",1,,,man,0.3,0,3,3,check,800.0,0,0.0,400.0,,0110010,800.0,1400.0,400.0,1000.0
"[5s,6c,2c,5d,Ad]",1,,,CNN,0.179636,1,3,3,bet_big,800.0,200.0,4.0,400.0,0,01100100,600.0,0.0,200.0,-200.0
"[4h,8d,7h,6d,3s]",1,,,man,0.3,0,3,3,raise_big,1000.0,400.0,2.5,400.0,01,011001001,800.0,1400.0,400.0,1000.0
"[5s,6c,2c,5d,Ad]",1,,,CNN,0.179636,1,3,3,FOLD,1400.0,0,0.0,600.0,011,0110010011,600.0,0.0,0.0,0.0
"[Kd,Jh,2h,Qh,6s]",3,,,CNN,0.3,0,0,0,pos_BB,0.0,100,0.0,0.0,,,1300.0,2600.0,1300.0,1300.0
"[Ks,5h,6d,Td,4d]",3,,,man,0.3,1,0,0,pos_SB,100.0,50,2.0,0.0,,,1300.0,0.0,1300.0,-1300.0
"[Ks,5h,6d,Td,4d]",3,,,man,0.3,1,0,0,raise_small,150.0,150.0,1.0,50.0,,,1300.0,0.0,1250.0,-1250.0
"[Kd,Jh,2h,Qh,6s]",3,,,CNN,0.404982,0,0,0,raise_small,300.0,200.0,1.5,100.0,1,1,1300.0,2600.0,1200.0,1400.0
"[Ks,5h,6d,Td,4d]",3,,,man,0.3,1,0,0,call_small,500.0,100.0,5.0,200.0,11,11,1300.0,0.0,1100.0,-1100.0
"[Kd,Jh,2h,Qh,6s]",3,"[2h,6s]","[2h,6s,3h,5s,9c]",,0.404982,0,0,0,draw,600.0,0,0.0,300.0,,110,1300.0,2600.0,1000.0,1600.0
"[Ks,5h,6d,Td,4d]",3,"[5h,6d,4d]","[5h,6d,4d,7h,8d]",,0.3,1,0,0,draw,600.0,0,0.0,300.0,,110,1300.0,0.0,1000.0,-1000.0
"[2h,6s,3h,5s,9c]",2,,,CNN,0.689182,0,2,3,bet_small,600.0,100.0,6.0,300.0,,110,1300.0,2600.0,1000.0,1600.0
"[5h,6d,4d,7h,8d]",2,,,man,0.3,1,3,2,raise_small,700.0,200.0,3.5,300.0,1,1101,1300.0,0.0,1000.0,-1000.0
"[2h,6s,3h,5s,9c]",2,,,CNN,0.689182,0,2,3,call_small,900.0,100.0,9.0,400.0,11,11011,1300.0,2600.0,900.0,1700.0
"[2h,6s,3h,5s,9c]",2,"[2h,6s,3h,5s,9c]","[2h,6s,3h,5s,9c]",,0.689182,0,0,0,draw,1000.0,0,0.0,500.0,,110110,1300.0,2600.0,800.0,1800.0
"[5h,6d,4d,7h,8d]",2,"[5h,6d,4d,7h,8d]","[5h,6d,4d,7h,8d]",,0.3,1,0,0,draw,1000.0,0,0.0,500.0,,110110,1300.0,0.0,800.0,-800.0
"[2h,6s,3h,5s,9c]",1,,,CNN,0.681267,0,5,5,bet_big,1000.0,200.0,5.0,500.0,,110110,1300.0,2600.0,800.0,1800.0
"[5h,6d,4d,7h,8d]",1,,,man,0.3,1,5,5,raise_big,1200.0,400.0,3.0,500.0,1,1101101,1300.0,0.0,800.0,-800.0
"[2h,6s,3h,5s,9c]",1,,,CNN,0.681267,0,5,5,raise_big,1600.0,400.0,4.0,700.0,11,11011011,1300.0,2600.0,600.0,2000.0
"[5h,6d,4d,7h,8d]",1,,,man,0.3,1,5,5,call_big,2000.0,200.0,10.0,900.0,111,110110111,1300.0,0.0,400.0,-400.0
"[2h,6s,3h,5s,9c]",1,"[2h,6s,3h,5s,9c]","[2h,6s,3h,5s,9c]",,0.681267,0,0,0,draw,2200.0,0,0.0,1100.0,,1101101110,1300.0,2600.0,200.0,2400.0
"[5h,6d,4d,7h,8d]",1,"[5h,6d,4d,8d]","[5h,6d,4d,8d,9d]",,0.3,1,0,0,draw,2200.0,0,0.0,1100.0,,1101101110,1300.0,0.0,200.0,-200.0
"[2h,6s,3h,5s,9c]",0,,,CNN,0.681267,0,5,4,bet_big,2200.0,200.0,11.0,1100.0,,1101101110,1300.0,2600.0,200.0,2400.0
"[5h,6d,4d,8d,9d]",0,,,man,0.3,1,4,5,call_big,2400.0,200.0,12.0,1100.0,1,11011011101,1300.0,0.0,200.0,-200.0
"[2d,5c,9h,3d,7h]",3,,,man,0.3,0,0,0,pos_BB,0.0,100,0.0,0.0,,,100.0,150.0,100.0,50.0
"[Js,7d,Qc,8h,2c]",3,,,CNN,0.3,1,0,0,pos_SB,100.0,50,2.0,0.0,,,50.0,0.0,50.0,-50.0
"[Js,7d,Qc,8h,2c]",3,,,CNN,0.444266,1,0,0,FOLD,150.0,0,0.0,50.0,,,50.0,0.0,0.0,0.0
"[Kc,4h,Qh,4s,5h]",3,,,CNN,0.3,0,0,0,pos_BB,0.0,100,0.0,0.0,,,400.0,0.0,400.0,-400.0
"[2s,As,Ac,Td,3d]",3,,,man,0.3,1,0,0,pos_SB,100.0,50,2.0,0.0,,,500.0,900.0,500.0,400.0
"[2s,As,Ac,Td,3d]",3,,,man,0.3,1,0,0,raise_small,150.0,150.0,1.0,50.0,,,500.0,900.0,450.0,450.0
"[Kc,4h,Qh,4s,5h]",3,,,CNN,0.373249,0,0,0,raise_small,300.0,200.0,1.5,100.0,1,1,400.0,0.0,300.0,-300.0
"[2s,As,Ac,Td,3d]",3,,,man,0.3,1,0,0,call_small,500.0,100.0,5.0,200.0,11,11,500.0,900.0,300.0,600.0
"[Kc,4h,Qh,4s,5h]",3,"[4s,5h]","[4s,5h,4d,9d,Jd]",,0.373249,0,0,0,draw,600.0,0,0.0,300.0,,110,400.0,0.0,100.0,-100.0
"[2s,As,Ac,Td,3d]",3,"[2s,3d]","[2s,3d,2d,5d,8c]",,0.3,1,0,0,draw,600.0,0,0.0,300.0,,110,500.0,900.0,200.0,700.0
"[4s,5h,4d,9d,Jd]",2,,,CNN,0.281622,0,2,2,bet_small,600.0,100.0,6.0,300.0,,110,400.0,0.0,100.0,-100.0
"[2s,3d,2d,5d,8c]",2,,,man,0.3,1,2,2,raise_small,700.0,200.0,3.5,300.0,1,1101,500.0,900.0,200.0,700.0
"[4s,5h,4d,9d,Jd]",2,,,CNN,0.281622,0,2,2,FOLD,900.0,0,0.0,400.0,11,11011,400.0,0.0,0.0,0.0
"[Td,Kc,Qc,2s,As]",3,,,man,0.3,0,0,0,pos_BB,0.0,100,0.0,0.0,,,300.0,0.0,300.0,-300.0
"[4s,Qd,Kd,4c,5h]",3,,,CNN,0.3,1,0,0,pos_SB,100.0,50,2.0,0.0,,,500.0,800.0,500.0,300.0
"[4s,Qd,Kd,4c,5h]",3,,,CNN,0.356445,1,0,0,raise_small,150.0,150.0,1.0,50.0,,,500.0,800.0,450.0,350.0
"[Td,Kc,Qc,2s,As]",3,,,man,0.3,0,0,0,call_small,300.0,100.0,3.0,100.0,1,1,300.0,0.0,200.0,-200.0
"[Td,Kc,Qc,2s,As]",3,[2s],"[2s,2c,5s,Jc,2h]",,0.3,0,0,0,draw,400.0,0,0.0,200.0,,10,300.0,0.0,100.0,-100.0
"[4s,Qd,Kd,4c,5h]",3,"[4c,5h]","[4c,5h,7h,7s,6c]",,0.356445,1,0,0,draw,400.0,0,0.0,200.0,,10,500.0,800.0,300.0,500.0
"[2s,2c,5s,Jc,2h]",2,,,man,0.3,0,1,2,check,400.0,0,0.0,200.0,,10,300.0,0.0,100.0,-100.0
"[4c,5h,7h,7s,6c]",2,,,CNN,0.357948,1,2,1,bet_small,400.0,100.0,4.0,200.0,0,100,500.0,800.0,300.0,500.0
"[2s,2c,5s,Jc,2h]",2,,,man,0.3,0,1,2,call_small,500.0,100.0,5.0,200.0,01,1001,300.0,0.0,100.0,-100.0
"[2s,2c,5s,Jc,2h]",2,"[2s,5s]","[2s,5s,Ks,Js,8h]",,0.3,0,0,0,draw,600.0,0,0.0,300.0,,10010,300.0,0.0,0.0,0.0
"[4c,5h,7h,7s,6c]",2,"[4c,5h,7s,6c]","[4c,5h,7s,6c,4h]",,0.357948,1,0,0,draw,600.0,0,0.0,300.0,,10010,500.0,800.0,200.0,600.0
"[2s,5s,Ks,Js,8h]",1,,,man,0.3,0,2,4,check,600.0,0,0.0,300.0,,10010,300.0,0.0,0.0,0.0
"[4c,5h,7s,6c,4h]",1,,,CNN,0.224723,1,4,2,bet_big,600.0,200.0,3.0,300.0,0,100100,500.0,800.0,200.0,600.0
"[2s,5s,Ks,Js,8h]",1,,,man,0.3,0,2,4,FOLD,800.0,0,0.0,300.0,01,1001001,300.0,0.0,0.0,0.0
"[Qd,8c,8s,Jc,2d]",3,,,CNN,0.3,0,0,0,pos_BB,0.0,100,0.0,0.0,,,100.0,0.0,100.0,-100.0
"[9d,6s,9s,Kd,4s]",3,,,man,0.3,1,0,0,pos_SB,100.0,50,2.0,0.0,,,200.0,300.0,200.0,100.0
"[9d,6s,9s,Kd,4s]",3,,,man,0.3,1,0,0,raise_small,150.0,150.0,1.0,50.0,,,200.0,300.0,150.0,150.0
"[Qd,8c,8s,Jc,2d]",3,,,CNN,0.392084,0,0,0,FOLD,300.0,0,0.0,100.0,1,1,100.0,0.0,0.0,0.0
"[Tc,Qc,8s,8h,6c]",3,,,man,0.3,0,0,0,pos_BB,0.0,100,0.0,0.0,,,200.0,300.0,200.0,100.0
"[4h,Jc,3h,3s,3d]",3,,,CNN,0.3,1,0,0,pos_SB,100.0,50,2.0,0.0,,,100.0,0.0,100.0,-100.0
"[4h,Jc,3h,3s,3d]",3,,,CNN,0.374969,1,0,0,call_small,150.0,50.0,3.0,50.0,,,100.0,0.0,50.0,-50.0
"[Tc,Qc,8s,8h,6c]",3,,,man,0.3,0,0,0,check,200.0,0,0.0,100.0,0,0,200.0,300.0,100.0,200.0
"[Tc,Qc,8s,8h,6c]",3,"[8h,6c]","[8h,6c,5d,Jh,7d]",,0.3,0,0,0,draw,200.0,0,0.0,100.0,,00,200.0,300.0,100.0,200.0
"[4h,Jc,3h,3s,3d]",3,"[4h,3h]","[4h,3h,Kh,9h,Td]",,0.374969,1,0,0,draw,200.0,0,0.0,100.0,,00,100.0,0.0,0.0,0.0
"[8h,6c,5d,Jh,7d]",2,,,man,0.3,0,2,2,bet_small,200.0,100.0,2.0,100.0,,00,200.0,300.0,100.0,200.0
"[4h,3h,Kh,9h,Td]",2,,,CNN,0.286711,1,2,2,FOLD,300.0,0,0.0,100.0,1,001,100.0,0.0,0.0,0.0
"[Ad,Tc,Ts,8d,9c]",3,,,CNN,0.3,0,0,0,pos_BB,0.0,100,0.0,0.0,,,100.0,0.0,100.0,-100.0
"[3h,7d,Kh,2s,5d]",3,,,man,0.3,1,0,0,pos_SB,100.0,50,2.0,0.0,,,200.0,300.0,200.0,100.0
"[3h,7d,Kh,2s,5d]",3,,,man,0.3,1,0,0,raise_small,150.0,150.0,1.0,50.0,,,200.0,300.0,150.0,150.0
"[Ad,Tc,Ts,8d,9c]",3,,,CNN,0.294146,0,0,0,FOLD,300.0,0,0.0,100.0,1,1,100.0,0.0,0.0,0.0
"[Td,6h,Tc,9d,3s]",3,,,man,0.3,0,0,0,pos_BB,0.0,100,0.0,0.0,,,100.0,150.0,100.0,50.0
"[Jc,As,4s,9c,8h]",3,,,CNN,0.3,1,0,0,pos_SB,100.0,50,2.0,0.0,,,50.0,0.0,50.0,-50.0
"[Jc,As,4s,9c,8h]",3,,,CNN,0.354841,1,0,0,FOLD,150.0,0,0.0,50.0,,,50.0,0.0,0.0,0.0
"[4c,8h,8s,Ad,5c]",3,,,CNN,0.3,0,0,0,pos_BB,0.0,100,0.0,0.0,,,300.0,0.0,300.0,-300.0
"[Th,Ts,9h,7h,Ah]",3,,,man,0.3,1,0,0,pos_SB,100.0,50,2.0,0.0,,,400.0,700.0,400.0,300.0
"[Th,Ts,9h,7h,Ah]",3,,,man,0.3,1,0,0,raise_small,150.0,150.0,1.0,50.0,,,400.0,700.0,350.0,350.0
"[4c,8h,8s,Ad,5c]",3,,,CNN,0.439363,0,0,0,call_small,300.0,100.0,3.0,100.0,1,1,300.0,0.0,200.0,-200.0
"[4c,8h,8s,Ad,5c]",3,"[4c,8s,5c]","[4c,8s,5c,Kh,2d]",,0.439363,0,0,0,draw,400.0,0,0.0,200.0,,10,300.0,0.0,100.0,-100.0
"[Th,Ts,9h,7h,Ah]",3,[7h],"[7h,5h,3d,2h,2c]",,0.3,1,0,0,draw,400.0,0,0.0,200.0,,10,400.0,700.0,200.0,500.0
"[4c,8s,5c,Kh,2d]",2,,,CNN,0.495754,0,3,1,bet_small,400.0,100.0,4.0,200.0,,10,300.0,0.0,100.0,-100.0
"[7h,5h,3d,2h,2c]",2,,,man,0.3,1,1,3,raise_small,500.0,200.0,2.5,200.0,1,101,400.0,700.0,200.0,500.0
"[4c,8s,5c,Kh,2d]",2,,,CNN,0.495754,0,3,1,FOLD,700.0,0,0.0,300.0,11,1011,300.0,0.0,0.0,0.0
"[Td,Js,5d,4s,Ts]",3,,,man,0.3,0,0,0,pos_BB,0.0,100,0.0,0.0,,,100.0,150.0,100.0,50.0
"[Tc,8d,9s,Qd,6h]",3,,,CNN,0.3,1,0,0,pos_SB,100.0,50,2.0,0.0,,,50.0,0.0,50.0,-50.0
"[Tc,8d,9s,Qd,6h]",3,,,CNN,0.322136,1,0,0,FOLD,150.0,0,0.0,50.0,,,50.0,0.0,0.0,0.0
"[Tc,5c,Js,Ts,Ks]",3,,,CNN,0.3,0,0,0,pos_BB,0.0,100,0.0,0.0,,,500.0,0.0,500.0,-500.0
"[6s,3s,8h,7h,6d]",3,,,man,0.3,1,0,0,pos_SB,100.0,50,2.0,0.0,,,600.0,1100.0,600.0,500.0
"[6s,3s,8h,7h,6d]",3,,,man,0.3,1,0,0,raise_small,150.0,150.0,1.0,50.0,,,600.0,1100.0,550.0,550.0
"[Tc,5c,Js,Ts,Ks]",3,,,CNN,0.323065,0,0,0,raise_small,300.0,200.0,1.5,100.0,1,1,500.0,0.0,400.0,-400.0
"[6s,3s,8h,7h,6d]",3,,,man,0.3,1,0,0,raise_small,500.0,200.0,2.5,200.0,11,11,600.0,1100.0,400.0,700.0
"[Tc,5c,Js,Ts,Ks]",3,,,CNN,0.323065,0,0,0,call_small,700.0,100.0,7.0,300.0,111,111,500.0,0.0,200.0,-200.0
"[Tc,5c,Js,Ts,Ks]",3,[5c],"[5c,Jd,Kd,Qd,6h]",,0.323065,0,0,0,draw,800.0,0,0.0,400.0,,1110,500.0,0.0,100.0,-100.0
"[6s,3s,8h,7h,6d]",3,"[6s,3s,8h,7h]","[6s,3s,8h,7h,4c]",,0.3,1,0,0,draw,800.0,0,0.0,400.0,,1110,600.0,1100.0,200.0,900.0
"[5c,Jd,Kd,Qd,6h]",2,,,CNN,0.269416,0,1,4,bet_small,800.0,100.0,8.0,400.0,,1110,500.0,0.0,100.0,-100.0
"[6s,3s,8h,7h,4c]",2,,,man,0.3,1,4,1,raise_small,900.0,200.0,4.5,400.0,1,11101,600.0,1100.0,200.0,900.0
"[5c,Jd,Kd,Qd,6h]",2,,,CNN,0.269416,0,1,4,FOLD,1100.0,0,0.0,500.0,11,111011,500.0,0.0,0.0,0.0
"[5h,Jd,6d,Js,Kd]",3,,,man,0.3,0,0,0,pos_BB,0.0,100,0.0,0.0,,,100.0,150.0,100.0,50.0
"[Kc,5d,Tc,8c,2s]",3,,,CNN,0.3,1,0,0,pos_SB,100.0,50,2.0,0.0,,,50.0,0.0,50.0,-50.0
"[Kc,5d,Tc,8c,2s]",3,,,CNN,0.445564,1,0,0,FOLD,150.0,0,0.0,50.0,,,50.0,0.0,0.0,0.0
"[8c,6s,Tc,5h,Jh]",3,,,CNN,0.3,0,0,0,pos_BB,0.0,100,0.0,0.0,,,1000.0,0.0,1000.0,-1000.0
"[6h,3c,2c,Qs,Qd]",3,,,man,0.3,1,0,0,pos_SB,100.0,50,2.0,0.0,,,1200.0,2200.0,1200.0,1000.0
"[6h,3c,2c,Qs,Qd]",3,,,man,0.3,1,0,0,raise_small,150.0,150.0,1.0,50.0,,,1200.0,2200.0,1150.0,1050.0
"[8c,6s,Tc,5h,Jh]",3,,,CNN,0.400835,0,0,0,raise_small,300.0,200.0,1.5,100.0,1,1,1000.0,0.0,900.0,-900.0
"[6h,3c,2c,Qs,Qd]",3,,,man,0.3,1,0,0,raise_small,500.0,200.0,2.5,200.0,11,11,1200.0,2200.0,1000.0,1200.0
"[8c,6s,Tc,5h,Jh]",3,,,CNN,0.400835,0,0,0,call_small,700.0,100.0,7.0,300.0,111,111,1000.0,0.0,700.0,-700.0
"[8c,6s,Tc,5h,Jh]",3,"[8c,6s,5h]","[8c,6s,5h,9c,5s]",,0.400835,0,0,0,draw,800.0,0,0.0,400.0,,1110,1000.0,0.0,600.0,-600.0
"[6h,3c,2c,Qs,Qd]",3,"[6h,3c,2c]","[6h,3c,2c,Ks,4c]",,0.3,1,0,0,draw,800.0,0,0.0,400.0,,1110,1200.0,2200.0,800.0,1400.0
"[8c,6s,5h,9c,5s]",2,,,CNN,0.28941,0,3,3,bet_small,800.0,100.0,8.0,400.0,,1110,1000.0,0.0,600.0,-600.0
"[6h,3c,2c,Ks,4c]",2,,,man,0.3,1,3,3,raise_small,900.0,200.0,4.5,400.0,1,11101,1200.0,2200.0,800.0,1400.0
"[8c,6s,5h,9c,5s]",2,,,CNN,0.28941,0,3,3,call_small,1100.0,100.0,11.0,500.0,11,111011,1000.0,0.0,500.0,-500.0
"[8c,6s,5h,9c,5s]",2,"[8c,6s,9c,5s]","[8c,6s,9c,5s,8s]",,0.28941,0,0,0,draw,1200.0,0,0.0,600.0,,1110110,1000.0,0.0,400.0,-400.0
"[6h,3c,2c,Ks,4c]",2,"[6h,3c,2c,4c]","[6h,3c,2c,4c,2h]",,0.3,1,0,0,draw,1200.0,0,0.0,600.0,,1110110,1200.0,2200.0,600.0,1600.0
"[8c,6s,9c,5s,8s]",1,,,CNN,0.204603,0,4,4,bet_big,1200.0,200.0,6.0,600.0,,1110110,1000.0,0.0,400.0,-400.0
"[6h,3c,2c,4c,2h]",1,,,man,0.3,1,4,4,call_big,1400.0,200.0,7.0,600.0,1,11101101,1200.0,2200.0,600.0,1600.0
"[8c,6s,9c,5s,8s]",1,"[6s,9c,5s,8s]","[6s,9c,5s,8s,7d]",,0.204603,0,0,0,draw,1600.0,0,0.0,800.0,,111011010,1000.0,0.0,200.0,-200.0
"[6h,3c,2c,4c,2h]",1,"[6h,3c,2c,4c]","[6h,3c,2c,4c,3h]",,0.3,1,0,0,draw,1600.0,0,0.0,800.0,,111011010,1200.0,2200.0,400.0,1800.0
"[6s,9c,5s,8s,7d]",0,,,CNN,0.106933,0,4,4,bet_big,1600.0,200.0,8.0,800.0,,111011010,1000.0,0.0,200.0,-200.0
"[6h,3c,2c,4c,3h]",0,,,man,0.3,1,4,4,raise_big,1800.0,400.0,4.5,800.0,1,1110110101,1200.0,2200.0,400.0,1800.0
"[6s,9c,5s,8s,7d]",0,,,CNN,0.106933,0,4,4,FOLD,2200.0,0,0.0,1000.0,11,11101101011,1000.0,0.0,0.0,0.0
"[Qd,8s,Kh,Jc,Ac]",3,,,man,0.3,0,0,0,pos_BB,0.0,100,0.0,0.0,,,100.0,0.0,100.0,-100.0
"[8h,Js,9c,9s,Ad]",3,,,CNN,0.3,1,0,0,pos_SB,100.0,50,2.0,0.0,,,200.0,300.0,200.0,100.0
"[8h,Js,9c,9s,Ad]",3,,,CNN,0.28958,1,0,0,raise_small,150.0,150.0,1.0,50.0,,,200.0,300.0,150.0,150.0
"[Qd,8s,Kh,Jc,Ac]",3,,,man,0.3,0,0,0,FOLD,300.0,0,0.0,100.0,1,1,100.0,0.0,0.0,0.0
"[Qh,8h,Ad,9h,Qc]",3,,,CNN,0.3,0,0,0,pos_BB,0.0,100,0.0,0.0,,,100.0,0.0,100.0,-100.0
"[Ah,As,Kc,Ts,3d]",3,,,man,0.3,1,0,0,pos_SB,100.0,50,2.0,0.0,,,200.0,300.0,200.0,100.0
"[Ah,As,Kc,Ts,3d]",3,,,man,0.3,1,0,0,raise_small,150.0,150.0,1.0,50.0,,,200.0,300.0,150.0,150.0
"[Qh,8h,Ad,9h,Qc]",3,,,CNN,0.307293,0,0,0,FOLD,300.0,0,0.0,100.0,1,1,100.0,0.0,0.0,0.0
"[9c,Js,8c,9h,Jh]",3,,,man,0.3,0,0,0,pos_BB,0.0,100,0.0,0.0,,,100.0,150.0,100.0,50.0
"[Ac,8h,7c,7s,Qc]",3,,,CNN,0.3,1,0,0,pos_SB,100.0,50,2.0,0.0,,,50.0,0.0,50.0,-50.0
"[Ac,8h,7c,7s,Qc]",3,,,CNN,0.338857,1,0,0,FOLD,150.0,0,0.0,50.0,,,50.0,0.0,0.0,0.0
"[6c,Kc,Th,Ac,8d]",3,,,CNN,0.3,0,0,0,pos_BB,0.0,100,0.0,0.0,,,600.0,0.0,600.0,-600.0
"[As,5d,Qs,8c,Kd]",3,,,man,0.3,1,0,0,pos_SB,100.0,50,2.0,0.0,,,800.0,1400.0,800.0,600.0
"[As,5d,Qs,8c,Kd]",3,,,man,0.3,1,0,0,raise_small,150.0,150.0,1.0,50.0,,,800.0,1400.0,750.0,650.0
"[6c,Kc,Th,Ac,8d]",3,,,CNN,0.34004,0,0,0,raise_small,300.0,200.0,1.5,100.0,1,1,600.0,0.0,500.0,-500.0
"[As,5d,Qs,8c,Kd]",3,,,man,0.3,1,0,0,call_small,500.0,100.0,5.0,200.0,11,11,800.0,1400.0,600.0,800.0
"[6c,Kc,Th,Ac,8d]",3,"[6c,8d]","[6c,8d,9s,3s,Tc]",,0.34004,0,0,0,draw,600.0,0,0.0,300.0,,110,600.0,0.0,300.0,-300.0
"[As,5d,Qs,8c,Kd]",3,"[5d,8c]","[5d,8c,4s,6d,7d]",,0.3,1,0,0,draw,600.0,0,0.0,300.0,,110,800.0,1400.0,500.0,900.0
"[6c,8d,9s,3s,Tc]",2,,,CNN,0.315905,0,2,2,bet_small,600.0,100.0,6.0,300.0,,110,600.0,0.0,300.0,-300.0
"[5d,8c,4s,6d,7d]",2,,,man,0.3,1,2,2,raise_small,700.0,200.0,3.5,300.0,1,1101,800.0,1400.0,500.0,900.0
"[6c,8d,9s,3s,Tc]",2,,,CNN,0.315905,0,2,2,raise_small,900.0,200.0,4.5,400.0,11,11011,600.0,0.0,200.0,-200.0
"[5d,8c,4s,6d,7d]",2,,,man,0.3,1,2,2,call_small,1100.0,100.0,11.0,500.0,111,110111,800.0,1400.0,300.0,1100.0
"[6c,8d,9s,3s,Tc]",2,"[6c,8d,9s,3s]","[6c,8d,9s,3s,Qh]",,0.315905,0,0,0,draw,1200.0,0,0.0,600.0,,1101110,600.0,0.0,0.0,0.0
"[5d,8c,4s,6d,7d]",2,"[5d,8c,4s,6d]","[5d,8c,4s,6d,2h]",,0.3,1,0,0,draw,1200.0,0,0.0,600.0,,1101110,800.0,1400.0,200.0,1200.0
"[6c,8d,9s,3s,Qh]",1,,,CNN,0.218944,0,4,4,check,1200.0,0,0.0,600.0,,1101110,600.0,0.0,0.0,0.0
"[5d,8c,4s,6d,2h]",1,,,man,0.3,1,4,4,bet_big,1200.0,200.0,6.0,600.0,0,11011100,800.0,1400.0,200.0,1200.0
"[6c,8d,9s,3s,Qh]",1,,,CNN,0.218944,0,4,4,FOLD,1400.0,0,0.0,600.0,01,110111001,600.0,0.0,0.0,0.0
"[5h,7h,Jc,9d,Jh]",3,,,man,0.3,0,0,0,pos_BB,0.0,100,0.0,0.0,,,1100.0,0.0,1100.0,-1100.0
"[8s,7s,2d,Td,4d]",3,,,CNN,0.3,1,0,0,pos_SB,100.0,50,2.0,0.0,,,1100.0,2200.0,1100.0,1100.0
"[8s,7s,2d,Td,4d]",3,,,CNN,0.538772,1,0,0,raise_small,150.0,150.0,1.0,50.0,,,1100.0,2200.0,1050.0,1150.0
"[5h,7h,Jc,9d,Jh]",3,,,man,0.3,0,0,0,call_small,300.0,100.0,3.0,100.0,1,1,1100.0,0.0,1000.0,-1000.0
"[5h,7h,Jc,9d,Jh]",3,"[5h,7h]","[5h,7h,7c,3h,5d]",,0.3,0,0,0,draw,400.0,0,0.0,200.0,,10,1100.0,0.0,900.0,-900.0
"[8s,7s,2d,Td,4d]",3,"[8s,7s,2d,4d]","[8s,7s,2d,4d,Tc]",,0.538772,1,0,0,draw,400.0,0,0.0,200.0,,10,1100.0,2200.0,900.0,1300.0
"[5h,7h,7c,3h,5d]",2,,,man,0.3,0,2,4,check,400.0,0,0.0,200.0,,10,1100.0,0.0,900.0,-900.0
"[8s,7s,2d,4d,Tc]",2,,,CNN,0.449725,1,4,2,bet_small,400.0,100.0,4.0,200.0,0,100,1100.0,2200.0,900.0,1300.0
"[5h,7h,7c,3h,5d]",2,,,man,0.3,0,2,4,call_small,500.0,100.0,5.0,200.0,01,1001,1100.0,0.0,900.0,-900.0
"[5h,7h,7c,3h,5d]",2,"[5h,7h,3h]","[5h,7h,3h,2s,7d]",,0.3,0,0,0,draw,600.0,0,0.0,300.0,,10010,1100.0,0.0,800.0,-800.0
"[8s,7s,2d,4d,Tc]",2,"[8s,7s,2d,4d]","[8s,7s,2d,4d,As]",,0.449725,1,0,0,draw,600.0,0,0.0,300.0,,10010,1100.0,2200.0,800.0,1400.0
"[5h,7h,3h,2s,7d]",1,,,man,0.3,0,3,4,check,600.0,0,0.0,300.0,,10010,1100.0,0.0,800.0,-800.0
"[8s,7s,2d,4d,As]",1,,,CNN,0.277617,1,4,3,bet_big,600.0,200.0,3.0,300.0,0,100100,1100.0,2200.0,800.0,1400.0
"[5h,7h,3h,2s,7d]",1,,,man,0.3,0,3,4,raise_big,800.0,400.0,2.0,300.0,01,1001001,1100.0,0.0,800.0,-800.0
"[8s,7s,2d,4d,As]",1,,,CNN,0.277617,1,4,3,call_big,1200.0,200.0,6.0,500.0,011,10010011,1100.0,2200.0,600.0,1600.0
"[5h,7h,3h,2s,7d]",1,"[5h,7h,3h,2s]","[5h,7h,3h,2s,8h]",,0.3,0,0,0,draw,1400.0,0,0.0,700.0,,100100110,1100.0,0.0,400.0,-400.0
"[8s,7s,2d,4d,As]",1,"[8s,7s,2d,4d]","[8s,7s,2d,4d,3d]",,0.277617,1,0,0,draw,1400.0,0,0.0,700.0,,100100110,1100.0,2200.0,400.0,1800.0
"[5h,7h,3h,2s,8h]",0,,,man,0.3,0,4,4,bet_big,1400.0,200.0,7.0,700.0,,100100110,1100.0,0.0,400.0,-400.0
"[8s,7s,2d,4d,3d]",0,,,CNN,0.870537,1,4,4,raise_big,1600.0,400.0,4.0,700.0,1,1001001101,1100.0,2200.0,400.0,1800.0
"[5h,7h,3h,2s,8h]",0,,,man,0.3,0,4,4,call_big,2000.0,200.0,10.0,900.0,11,10010011011,1100.0,0.0,200.0,-200.0
"[6d,2d,Qh,Tc,4d]",3,,,CNN,0.3,0,0,0,pos_BB,0.0,100,0.0,0.0,,,1000.0,0.0,1000.0,-1000.0
"[3c,5s,Js,Jh,8h]",3,,,man,0.3,1,0,0,pos_SB,100.0,50,2.0,0.0,,,1000.0,2000.0,1000.0,1000.0
"[3c,5s,Js,Jh,8h]",3,,,man,0.3,1,0,0,raise_small,150.0,150.0,1.0,50.0,,,1000.0,2000.0,950.0,1050.0
"[6d,2d,Qh,Tc,4d]",3,,,CNN,0.460316,0,0,0,raise_small,300.0,200.0,1.5,100.0,1,1,1000.0,0.0,900.0,-900.0
"[3c,5s,Js,Jh,8h]",3,,,man,0.3,1,0,0,call_small,500.0,100.0,5.0,200.0,11,11,1000.0,2000.0,800.0,1200.0
"[6d,2d,Qh,Tc,4d]",3,"[6d,2d,4d]","[6d,2d,4d,3h,Jd]",,0.460316,0,0,0,draw,600.0,0,0.0,300.0,,110,1000.0,0.0,700.0,-700.0
"[3c,5s,Js,Jh,8h]",3,"[3c,5s,8h]","[3c,5s,8h,3s,6s]",,0.3,1,0,0,draw,600.0,0,0.0,300.0,,110,1000.0,2000.0,700.0,1300.0
"[6d,2d,4d,3h,Jd]",2,,,CNN,0.45702,0,3,3,bet_small,600.0,100.0,6.0,300.0,,110,1000.0,0.0,700.0,-700.0
"[3c,5s,8h,3s,6s]",2,,,man,0.3,1,3,3,raise_small,700.0,200.0,3.5,300.0,1,1101,1000.0,2000.0,700.0,1300.0
"[6d,2d,4d,3h,Jd]",2,,,CNN,0.45702,0,3,3,raise_small,900.0,200.0,4.5,400.0,11,11011,1000.0,0.0,600.0,-600.0
"[3c,5s,8h,3s,6s]",2,,,man,0.3,1,3,3,call_small,1100.0,100.0,11.0,500.0,111,110111,1000.0,2000.0,500.0,1500.0
"[6d,2d,4d,3h,Jd]",2,"[6d,2d,4d,3h]","[6d,2d,4d,3h,Ah]",,0.45702,0,0,0,draw,1200.0,0,0.0,600.0,,1101110,1000.0,0.0,400.0,-400.0
"[3c,5s,8h,3s,6s]",2,"[3c,5s,8h,6s]","[3c,5s,8h,6s,9h]",,0.3,1,0,0,draw,1200.0,0,0.0,600.0,,1101110,1000.0,2000.0,400.0,1600.0
"[6d,2d,4d,3h,Ah]",1,,,CNN,0.245775,0,4,4,bet_big,1200.0,200.0,6.0,600.0,,1101110,1000.0,0.0,400.0,-400.0
"[3c,5s,8h,6s,9h]",1,,,man,0.3,1,4,4,call_big,1400.0,200.0,7.0,600.0,1,11011101,1000.0,2000.0,400.0,1600.0
"[6d,2d,4d,3h,Ah]",1,"[6d,2d,4d,3h]","[6d,2d,4d,3h,2h]",,0.245775,0,0,0,draw,1600.0,0,0.0,800.0,,110111010,1000.0,0.0,200.0,-200.0
"[3c,5s,8h,6s,9h]",1,"[3c,5s,8h,6s,9h]","[3c,5s,8h,6s,9h]",,0.3,1,0,0,draw,1600.0,0,0.0,800.0,,110111010,1000.0,2000.0,200.0,1800.0
"[6d,2d,4d,3h,2h]",0,,,CNN,0.0712407,0,4,5,bet_big,1600.0,200.0,8.0,800.0,,110111010,1000.0,0.0,200.0,-200.0
"[3c,5s,8h,6s,9h]",0,,,man,0.3,1,5,4,call_big,1800.0,200.0,9.0,800.0,1,1101110101,1000.0,2000.0,200.0,1800.0
"[Qc,Qs,3s,3h,Kc]",3,,,man,0.3,0,0,0,pos_BB,0.0,100,0.0,0.0,,,700.0,0.0,700.0,-700.0
"[8c,3c,8s,2h,Js]",3,,,CNN,0.3,1,0,0,pos_SB,100.0,50,2.0,0.0,,,900.0,1600.0,900.0,700.0
"[8c,3c,8s,2h,Js]",3,,,CNN,0.455266,1,0,0,raise_small,150.0,150.0,1.0,50.0,,,900.0,1600.0,850.0,750.0
"[Qc,Qs,3s,3h,Kc]",3,,,man,0.3,0,0,0,call_small,300.0,100.0,3.0,100.0,1,1,700.0,0.0,600.0,-600.0
"[Qc,Qs,3s,3h,Kc]",3,[3s],"[3s,Kh,2d,7d,Td]",,0.3,0,0,0,draw,400.0,0,0.0,200.0,,10,700.0,0.0,500.0,-500.0
"[8c,3c,8s,2h,Js]",3,"[8c,3c,2h]","[8c,3c,2h,9s,Ts]",,0.455266,1,0,0,draw,400.0,0,0.0,200.0,,10,900.0,1600.0,700.0,900.0
"[3s,Kh,2d,7d,Td]",2,,,man,0.3,0,1,3,check,400.0,0,0.0,200.0,,10,700.0,0.0,500.0,-500.0
"[8c,3c,2h,9s,Ts]",2,,,CNN,0.341371,1,3,1,bet_small,400.0,100.0,4.0,200.0,0,100,900.0,1600.0,700.0,900.0
"[3s,Kh,2d,7d,Td]",2,,,man,0.3,0,1,3,call_small,500.0,100.0,5.0,200.0,01,1001,700.0,0.0,500.0,-500.0
"[3s,Kh,2d,7d,Td]",2,"[3s,2d,7d]","[3s,2d,7d,Ks,4c]",,0.3,0,0,0,draw,600.0,0,0.0,300.0,,10010,700.0,0.0,400.0,-400.0
"[8c,3c,2h,9s,Ts]",2,"[8c,3c,2h,9s]","[8c,3c,2h,9s,2s]",,0.341371,1,0,0,draw,600.0,0,0.0,300.0,,10010,900.0,1600.0,600.0,1000.0
"[3s,2d,7d,Ks,4c]",1,,,man,0.3,0,3,4,check,600.0,0,0.0,300.0,,10010,700.0,0.0,400.0,-400.0
"[8c,3c,2h,9s,2s]",1,,,CNN,0.249368,1,4,3,bet_big,600.0,200.0,3.0,300.0,0,100100,900.0,1600.0,600.0,1000.0
"[3s,2d,7d,Ks,4c]",1,,,man,0.3,0,3,4,call_big,800.0,200.0,4.0,300.0,01,1001001,700.0,0.0,400.0,-400.0
"[3s,2d,7d,Ks,4c]",1,"[3s,2d,7d,4c]","[3s,2d,7d,4c,4h]",,0.3,0,0,0,draw,1000.0,0,0.0,500.0,,10010010,700.0,0.0,200.0,-200.0
"[8c,3c,2h,9s,2s]",1,"[8c,3c,2h,9s]","[8c,3c,2h,9s,5h]",,0.249368,1,0,0,draw,1000.0,0,0.0,500.0,,10010010,900.0,1600.0,400.0,1200.0
"[3s,2d,7d,4c,4h]",0,,,man,0.3,0,4,4,bet_big,1000.0,200.0,5.0,500.0,,10010010,700.0,0.0,200.0,-200.0
"[8c,3c,2h,9s,5h]",0,,,CNN,0.479993,1,4,4,raise_big,1200.0,400.0,3.0,500.0,1,100100101,900.0,1600.0,400.0,1200.0
"[3s,2d,7d,4c,4h]",0,,,man,0.3,0,4,4,FOLD,1600.0,0,0.0,700.0,11,1001001011,700.0,0.0,0.0,0.0
"[3d,4s,4c,3s,As]",3,,,CNN,0.3,0,0,0,pos_BB,0.0,100,0.0,0.0,,,900.0,0.0,900.0,-900.0
"[Qh,Qs,Ah,Kd,Js]",3,,,man,0.3,1,0,0,pos_SB,100.0,50,2.0,0.0,,,900.0,1800.0,900.0,900.0
"[Qh,Qs,Ah,Kd,Js]",3,,,man,0.3,1,0,0,raise_small,150.0,150.0,1.0,50.0,,,900.0,1800.0,850.0,950.0
"[3d,4s,4c,3s,As]",3,,,CNN,0.355055,0,0,0,raise_small,300.0,200.0,1.5,100.0,1,1,900.0,0.0,800.0,-800.0
"[Qh,Qs,Ah,Kd,Js]",3,,,man,0.3,1,0,0,call_small,500.0,100.0,5.0,200.0,11,11,900.0,1800.0,700.0,1100.0
"[3d,4s,4c,3s,As]",3,"[3d,4s]","[3d,4s,3h,7h,5h]",,0.355055,0,0,0,draw,600.0,0,0.0,300.0,,110,900.0,0.0,600.0,-600.0
"[Qh,Qs,Ah,Kd,Js]",3,,"[7d,9h,2d,6h,Qc]",,0.3,1,0,0,draw,600.0,0,0.0,300.0,,110,900.0,1800.0,600.0,1200.0
"[3d,4s,3h,7h,5h]",2,,,CNN,0.454087,0,2,0,bet_small,600.0,100.0,6.0,300.0,,110,900.0,0.0,600.0,-600.0
"[7d,9h,2d,6h,Qc]",2,,,man,0.3,1,0,2,raise_small,700.0,200.0,3.5,300.0,1,1101,900.0,1800.0,600.0,1200.0
"[3d,4s,3h,7h,5h]",2,,,CNN,0.454087,0,2,0,call_small,900.0,100.0,9.0,400.0,11,11011,900.0,0.0,500.0,-500.0
"[3d,4s,3h,7h,5h]",2,"[4s,3h,7h,5h]","[4s,3h,7h,5h,5d]",,0.454087,0,0,0,draw,1000.0,0,0.0,500.0,,110110,900.0,0.0,400.0,-400.0
"[7d,9h,2d,6h,Qc]",2,"[7d,9h,2d,6h]","[7d,9h,2d,6h,4d]",,0.3,1,0,0,draw,1000.0,0,0.0,500.0,,110110,900.0,1800.0,400.0,1400.0
"[4s,3h,7h,5h,5d]",1,,,CNN,0.329808,0,4,4,bet_big,1000.0,200.0,5.0,500.0,,110110,900.0,0.0,400.0,-400.0
"[7d,9h,2d,6h,4d]",1,,,man,0.3,1,4,4,call_big,1200.0,200.0,6.0,500.0,1,1101101,900.0,1800.0,400.0,1400.0
"[4s,3h,7h,5h,5d]",1,"[4s,3h,7h,5h]","[4s,3h,7h,5h,7c]",,0.329808,0,0,0,draw,1400.0,0,0.0,700.0,,11011010,900.0,0.0,200.0,-200.0
"[7d,9h,2d,6h,4d]",1,"[7d,9h,2d,6h,4d]","[7d,9h,2d,6h,4d]",,0.3,1,0,0,draw,1400.0,0,0.0,700.0,,11011010,900.0,1800.0,200.0,1600.0
"[4s,3h,7h,5h,7c]",0,,,CNN,0.0735993,0,4,5,bet_big,1400.0,200.0,7.0,700.0,,11011010,900.0,0.0,200.0,-200.0
"[7d,9h,2d,6h,4d]",0,,,man,0.3,1,5,4,call_big,1600.0,200.0,8.0,700.0,1,110110101,900.0,1800.0,200.0,1600.0
"[Th,Ac,2d,5d,3h]",3,,,man,0.3,0,0,0,pos_BB,0.0,100,0.0,0.0,,,1200.0,0.0,1200.0,-1200.0
"[2h,Ad,4h,4c,Qh]",3,,,CNN,0.3,1,0,0,pos_SB,100.0,50,2.0,0.0,,,1200.0,2400.0,1200.0,1200.0
"[2h,Ad,4h,4c,Qh]",3,,,CNN,0.407529,1,0,0,call_small,150.0,50.0,3.0,50.0,,,1200.0,2400.0,1150.0,1250.0
"[Th,Ac,2d,5d,3h]",3,,,man,0.3,0,0,0,raise_small,200.0,100.0,2.0,100.0,0,0,1200.0,0.0,1100.0,-1100.0
"[2h,Ad,4h,4c,Qh]",3,,,CNN,0.407529,1,0,0,raise_small,300.0,200.0,1.5,100.0,01,01,1200.0,2400.0,1100.0,1300.0
"[Th,Ac,2d,5d,3h]",3,,,man,0.3,0,0,0,raise_small,500.0,200.0,2.5,200.0,011,011,1200.0,0.0,1000.0,-1000.0
"[2h,Ad,4h,4c,Qh]",3,,,CNN,0.407529,1,0,0,call_small,700.0,100.0,7.0,300.0,0111,0111,1200.0,2400.0,900.0,1500.0
"[Th,Ac,2d,5d,3h]",3,"[2d,5d,3h]","[2d,5d,3h,8s,3d]",,0.3,0,0,0,draw,800.0,0,0.0,400.0,,01110,1200.0,0.0,800.0,-800.0
"[2h,Ad,4h,4c,Qh]",3,"[2h,4h]","[2h,4h,6h,Qd,7c]",,0.407529,1,0,0,draw,800.0,0,0.0,400.0,,01110,1200.0,2400.0,800.0,1600.0
"[2d,5d,3h,8s,3d]",2,,,man,0.3,0,3,2,bet_small,800.0,100.0,8.0,400.0,,01110,1200.0,0.0,800.0,-800.0
"[2h,4h,6h,Qd,7c]",2,,,CNN,0.467266,1,2,3,raise_small,900.0,200.0,4.5,400.0,1,011101,1200.0,2400.0,800.0,1600.0
"[2d,5d,3h,8s,3d]",2,,,man,0.3,0,3,2,raise_small,1100.0,200.0,5.5,500.0,11,0111011,1200.0,0.0,700.0,-700.0
"[2h,4h,6h,Qd,7c]",2,,,CNN,0.467266,1,2,3,raise_small,1300.0,200.0,6.5,600.0,111,01110111,1200.0,2400.0,600.0,1800.0
"[2d,5d,3h,8s,3d]",2,,,man,0.3,0,3,2,call_small,1500.0,100.0,15.0,700.0,1111,011101111,1200.0,0.0,500.0,-500.0
"[2d,5d,3h,8s,3d]",2,"[2d,5d,3h,8s]","[2d,5d,3h,8s,9c]",,0.3,0,0,0,draw,1600.0,0,0.0,800.0,,0111011110,1200.0,0.0,400.0,-400.0
"[2h,4h,6h,Qd,7c]",2,"[2h,4h,6h,7c]","[2h,4h,6h,7c,9s]",,0.467266,1,0,0,draw,1600.0,0,0.0,800.0,,0111011110,1200.0,2400.0,400.0,2000.0
"[2d,5d,3h,8s,9c]",1,,,man,0.3,0,4,4,bet_big,1600.0,200.0,8.0,800.0,,0111011110,1200.0,0.0,400.0,-400.0
"[2h,4h,6h,7c,9s]",1,,,CNN,0.573368,1,4,4,raise_big,1800.0,400.0,4.5,800.0,1,01110111101,1200.0,2400.0,400.0,2000.0
"[2d,5d,3h,8s,9c]",1,,,man,0.3,0,4,4,call_big,2200.0,200.0,11.0,1000.0,11,011101111011,1200.0,0.0,200.0,-200.0
"[2d,5d,3h,8s,9c]",1,"[2d,5d,3h,8s,9c]","[2d,5d,3h,8s,9c]",,0.3,0,0,0,draw,2400.0,0,0.0,1200.0,,0111011110110,1200.0,0.0,0.0,0.0
"[2h,4h,6h,7c,9s]",1,"[2h,4h,6h,7c,9s]","[2h,4h,6h,7c,9s]",,0.573368,1,0,0,draw,2400.0,0,0.0,1200.0,,0111011110110,1200.0,2400.0,0.0,2400.0
"[2d,5d,3h,8s,9c]",0,,,man,0.3,0,5,5,check,2400.0,0,0.0,1200.0,,0111011110110,1200.0,0.0,0.0,0.0
"[2h,4h,6h,7c,9s]",0,,,CNN,0.573368,1,5,5,check,2400.0,0,0.0,1200.0,0,01110111101100,1200.0,2400.0,0.0,2400.0
"[Td,Kc,4c,7s,4d]",3,,,CNN,0.3,0,0,0,pos_BB,0.0,100,0.0,0.0,,,1000.0,0.0,1000.0,-1000.0
"[5d,2c,4s,As,3s]",3,,,man,0.3,1,0,0,pos_SB,100.0,50,2.0,0.0,,,1200.0,2200.0,1200.0,1000.0
"[5d,2c,4s,As,3s]",3,,,man,0.3,1,0,0,raise_small,150.0,150.0,1.0,50.0,,,1200.0,2200.0,1150.0,1050.0
"[Td,Kc,4c,7s,4d]",3,,,CNN,0.371583,0,0,0,call_small,300.0,100.0,3.0,100.0,1,1,1000.0,0.0,900.0,-900.0
"[Td,Kc,4c,7s,4d]",3,"[4c,7s]","[4c,7s,9d,4h,8c]",,0.371583,0,0,0,draw,400.0,0,0.0,200.0,,10,1000.0,0.0,800.0,-800.0
"[5d,2c,4s,As,3s]",3,"[5d,2c,4s,3s]","[5d,2c,4s,3s,7h]",,0.3,1,0,0,draw,400.0,0,0.0,200.0,,10,1200.0,2200.0,1000.0,1200.0
"[4c,7s,9d,4h,8c]",2,,,CNN,0.29704,0,2,4,bet_small,400.0,100.0,4.0,200.0,,10,1000.0,0.0,800.0,-800.0
"[5d,2c,4s,3s,7h]",2,,,man,0.3,1,4,2,raise_small,500.0,200.0,2.5,200.0,1,101,1200.0,2200.0,1000.0,1200.0
"[4c,7s,9d,4h,8c]",2,,,CNN,0.29704,0,2,4,call_small,700.0,100.0,7.0,300.0,11,1011,1000.0,0.0,700.0,-700.0
"[4c,7s,9d,4h,8c]",2,"[4c,7s,9d,8c]","[4c,7s,9d,8c,Js]",,0.29704,0,0,0,draw,800.0,0,0.0,400.0,,10110,1000.0,0.0,600.0,-600.0
"[5d,2c,4s,3s,7h]",2,"[5d,2c,4s,3s,7h]","[5d,2c,4s,3s,7h]",,0.3,1,0,0,draw,800.0,0,0.0,400.0,,10110,1200.0,2200.0,800.0,1400.0
"[4c,7s,9d,8c,Js]",1,,,CNN,0.201063,0,4,5,bet_big,800.0,200.0,4.0,400.0,,10110,1000.0,0.0,600.0,-600.0
"[5d,2c,4s,3s,7h]",1,,,man,0.3,1,5,4,raise_big,1000.0,400.0,2.5,400.0,1,101101,1200.0,2200.0,800.0,1400.0
"[4c,7s,9d,8c,Js]",1,,,CNN,0.201063,0,4,5,call_big,1400.0,200.0,7.0,600.0,11,1011011,1000.0,0.0,400.0,-400.0
"[4c,7s,9d,8c,Js]",1,"[4c,7s,9d,8c]","[4c,7s,9d,8c,Jh]",,0.201063,0,0,0,draw,1600.0,0,0.0,800.0,,10110110,1000.0,0.0,200.0,-200.0
"[5d,2c,4s,3s,7h]",1,"[5d,2c,4s,3s,7h]","[5d,2c,4s,3s,7h]",,0.3,1,0,0,draw,1600.0,0,0.0,800.0,,10110110,1200.0,2200.0,400.0,1800.0
"[4c,7s,9d,8c,Jh]",0,,,CNN,0.104292,0,4,5,bet_big,1600.0,200.0,8.0,800.0,,10110110,1000.0,0.0,200.0,-200.0
"[5d,2c,4s,3s,7h]",0,,,man,0.3,1,5,4,raise_big,1800.0,400.0,4.5,800.0,1,101101101,1200.0,2200.0,400.0,1800.0
"[4c,7s,9d,8c,Jh]",0,,,CNN,0.104292,0,4,5,FOLD,2200.0,0,0.0,1000.0,11,1011011011,1000.0,0.0,0.0,0.0
"[Qd,As,2d,Jc,5d]",3,,,man,0.3,0,0,0,pos_BB,0.0,100,0.0,0.0,,,800.0,0.0,800.0,-800.0
"[Ad,Kh,7c,7s,Kd]",3,,,CNN,0.3,1,0,0,pos_SB,100.0,50,2.0,0.0,,,800.0,1600.0,800.0,800.0
"[Ad,Kh,7c,7s,Kd]",3,,,CNN,0.330239,1,0,0,call_small,150.0,50.0,3.0,50.0,,,800.0,1600.0,750.0,850.0
"[Qd,As,2d,Jc,5d]",3,,,man,0.3,0,0,0,check,200.0,0,0.0,100.0,0,0,800.0,0.0,700.0,-700.0
"[Qd,As,2d,Jc,5d]",3,"[2d,5d]","[2d,5d,7h,4c,9c]",,0.3,0,0,0,draw,200.0,0,0.0,100.0,,00,800.0,0.0,700.0,-700.0
"[Ad,Kh,7c,7s,Kd]",3,[7s],"[7s,5s,Qs,2c,Js]",,0.330239,1,0,0,draw,200.0,0,0.0,100.0,,00,800.0,1600.0,700.0,900.0
"[2d,5d,7h,4c,9c]",2,,,man,0.3,0,2,1,bet_small,200.0,100.0,2.0,100.0,,00,800.0,0.0,700.0,-700.0
"[7s,5s,Qs,2c,Js]",2,,,CNN,0.34864,1,1,2,call_small,300.0,100.0,3.0,100.0,1,001,800.0,1600.0,700.0,900.0
"[2d,5d,7h,4c,9c]",2,"[2d,5d,7h,4c,9c]","[2d,5d,7h,4c,9c]",,0.3,0,0,0,draw,400.0,0,0.0,200.0,,0010,800.0,0.0,600.0,-600.0
"[7s,5s,Qs,2c,Js]",2,"[7s,5s,2c]","[7s,5s,2c,4h,Qc]",,0.34864,1,0,0,draw,400.0,0,0.0,200.0,,0010,800.0,1600.0,600.0,1000.0
"[2d,5d,7h,4c,9c]",1,,,man,0.3,0,5,3,bet_big,400.0,200.0,2.0,200.0,,0010,800.0,0.0,600.0,-600.0
"[7s,5s,2c,4h,Qc]",1,,,CNN,0.301202,1,3,5,raise_big,600.0,400.0,1.5,200.0,1,00101,800.0,1600.0,600.0,1000.0
"[2d,5d,7h,4c,9c]",1,,,man,0.3,0,5,3,call_big,1000.0,200.0,5.0,400.0,11,001011,800.0,0.0,400.0,-400.0
"[2d,5d,7h,4c,9c]",1,"[2d,5d,7h,4c,9c]","[2d,5d,7h,4c,9c]",,0.3,0,0,0,draw,1200.0,0,0.0,600.0,,0010110,800.0,0.0,200.0,-200.0
"[7s,5s,2c,4h,Qc]",1,"[7s,5s,2c,4h]","[7s,5s,2c,4h,8d]",,0.301202,1,0,0,draw,1200.0,0,0.0,600.0,,0010110,800.0,1600.0,200.0,1400.0
"[2d,5d,7h,4c,9c]",0,,,man,0.3,0,5,4,check,1200.0,0,0.0,600.0,,0010110,800.0,0.0,200.0,-200.0
"[7s,5s,2c,4h,8d]",0,,,CNN,0.794417,1,4,5,bet_big,1200.0,200.0,6.0,600.0,0,00101100,800.0,1600.0,200.0,1400.0
"[2d,5d,7h,4c,9c]",0,,,man,0.3,0,5,4,call_big,1400.0,200.0,7.0,600.0,01,001011001,800.0,0.0,200.0,-200.0
"[3d,Qh,8h,9c,3c]",3,,,CNN,0.3,0,0,0,pos_BB,0.0,100,0.0,0.0,,,500.0,0.0,500.0,-500.0
"[Jc,4c,7h,Ts,9d]",3,,,man,0.3,1,0,0,pos_SB,100.0,50,2.0,0.0,,,700.0,1200.0,700.0,500.0
"[Jc,4c,7h,Ts,9d]",3,,,man,0.3,1,0,0,raise_small,150.0,150.0,1.0,50.0,,,700.0,1200.0,650.0,550.0
"[3d,Qh,8h,9c,3c]",3,,,CNN,0.353803,0,0,0,call_small,300.0,100.0,3.0,100.0,1,1,500.0,0.0,400.0,-400.0
"[3d,Qh,8h,9c,3c]",3,"[3d,8h,9c]","[3d,8h,9c,Td,2d]",,0.353803,0,0,0,draw,400.0,0,0.0,200.0,,10,500.0,0.0,300.0,-300.0
"[Jc,4c,7h,Ts,9d]",3,"[4c,7h]","[4c,7h,Kh,9h,Jd]",,0.3,1,0,0,draw,400.0,0,0.0,200.0,,10,700.0,1200.0,500.0,700.0
"[3d,8h,9c,Td,2d]",2,,,CNN,0.351088,0,3,2,bet_small,400.0,100.0,4.0,200.0,,10,500.0,0.0,300.0,-300.0
"[4c,7h,Kh,9h,Jd]",2,,,man,0.3,1,2,3,call_small,500.0,100.0,5.0,200.0,1,101,700.0,1200.0,500.0,700.0
"[3d,8h,9c,Td,2d]",2,"[3d,8h,9c,2d]","[3d,8h,9c,2d,Kc]",,0.351088,0,0,0,draw,600.0,0,0.0,300.0,,1010,500.0,0.0,200.0,-200.0
"[4c,7h,Kh,9h,Jd]",2,"[4c,7h,9h]","[4c,7h,9h,8d,5d]",,0.3,1,0,0,draw,600.0,0,0.0,300.0,,1010,700.0,1200.0,400.0,800.0
"[3d,8h,9c,2d,Kc]",1,,,CNN,0.2353,0,4,3,bet_big,600.0,200.0,3.0,300.0,,1010,500.0,0.0,200.0,-200.0
"[4c,7h,9h,8d,5d]",1,,,man,0.3,1,3,4,raise_big,800.0,400.0,2.0,300.0,1,10101,700.0,1200.0,400.0,800.0
"[3d,8h,9c,2d,Kc]",1,,,CNN,0.2353,0,4,3,FOLD,1200.0,0,0.0,500.0,11,101011,500.0,0.0,0.0,0.0
"[Qs,8c,Jc,4h,Td]",3,,,man,0.3,0,0,0,pos_BB,0.0,100,0.0,0.0,,,100.0,0.0,100.0,-100.0
"[8s,5c,9h,Qc,Kd]",3,,,CNN,0.3,1,0,0,pos_SB,100.0,50,2.0,0.0,,,300.0,400.0,300.0,100.0
"[8s,5c,9h,Qc,Kd]",3,,,CNN,0.344495,1,0,0,call_small,150.0,50.0,3.0,50.0,,,300.0,400.0,250.0,150.0
"[Qs,8c,Jc,4h,Td]",3,,,man,0.3,0,0,0,check,200.0,0,0.0,100.0,0,0,100.0,0.0,0.0,0.0
"[Qs,8c,Jc,4h,Td]",3,"[8c,4h]","[8c,4h,Ac,Kh,Th]",,0.3,0,0,0,draw,200.0,0,0.0,100.0,,00,100.0,0.0,0.0,0.0
"[8s,5c,9h,Qc,Kd]",3,"[8s,5c,9h]","[8s,5c,9h,As,4s]",,0.344495,1,0,0,draw,200.0,0,0.0,100.0,,00,300.0,400.0,200.0,200.0
"[8c,4h,Ac,Kh,Th]",2,,,man,0.3,0,2,3,check,200.0,0,0.0,100.0,,00,100.0,0.0,0.0,0.0
"[8s,5c,9h,As,4s]",2,,,CNN,0.325774,1,3,2,check,200.0,0,0.0,100.0,0,000,300.0,400.0,200.0,200.0
"[8c,4h,Ac,Kh,Th]",2,"[8c,4h]","[8c,4h,Qh,8d,3c]",,0.3,0,0,0,draw,200.0,0,0.0,100.0,,0000,100.0,0.0,0.0,0.0
"[8s,5c,9h,As,4s]",2,"[8s,5c,9h,4s]","[8s,5c,9h,4s,7s]",,0.325774,1,0,0,draw,200.0,0,0.0,100.0,,0000,300.0,400.0,200.0,200.0
"[8c,4h,Qh,8d,3c]",1,,,man,0.3,0,2,4,check,200.0,0,0.0,100.0,,0000,100.0,0.0,0.0,0.0
"[8s,5c,9h,4s,7s]",1,,,CNN,0.523416,1,4,2,bet_big,200.0,200.0,1.0,100.0,0,00000,300.0,400.0,200.0,200.0
"[8c,4h,Qh,8d,3c]",1,,,man,0.3,0,2,4,FOLD,400.0,0,0.0,100.0,01,000001,100.0,0.0,0.0,0.0
"[6s,Js,Qh,Ts,4h]",3,,,CNN,0.3,0,0,0,pos_BB,0.0,100,0.0,0.0,,,1300.0,2400.0,1300.0,1100.0
"[Th,4c,7d,9h,9d]",3,,,man,0.3,1,0,0,pos_SB,100.0,50,2.0,0.0,,,1100.0,0.0,1100.0,-1100.0
"[Th,4c,7d,9h,9d]",3,,,man,0.3,1,0,0,raise_small,150.0,150.0,1.0,50.0,,,1100.0,0.0,1050.0,-1050.0
"[6s,Js,Qh,Ts,4h]",3,,,CNN,0.360237,0,0,0,raise_small,300.0,200.0,1.5,100.0,1,1,1300.0,2400.0,1200.0,1200.0
"[Th,4c,7d,9h,9d]",3,,,man,0.3,1,0,0,call_small,500.0,100.0,5.0,200.0,11,11,1100.0,0.0,900.0,-900.0
"[6s,Js,Qh,Ts,4h]",3,"[6s,4h]","[6s,4h,Ks,3s,Jh]",,0.360237,0,0,0,draw,600.0,0,0.0,300.0,,110,1300.0,2400.0,1000.0,1400.0
"[Th,4c,7d,9h,9d]",3,"[4c,7d]","[4c,7d,Ad,5d,3d]",,0.3,1,0,0,draw,600.0,0,0.0,300.0,,110,1100.0,0.0,800.0,-800.0
"[6s,4h,Ks,3s,Jh]",2,,,CNN,0.319722,0,2,2,bet_small,600.0,100.0,6.0,300.0,,110,1300.0,2400.0,1000.0,1400.0
"[4c,7d,Ad,5d,3d]",2,,,man,0.3,1,2,2,raise_small,700.0,200.0,3.5,300.0,1,1101,1100.0,0.0,800.0,-800.0
"[6s,4h,Ks,3s,Jh]",2,,,CNN,0.319722,0,2,2,call_small,900.0,100.0,9.0,400.0,11,11011,1300.0,2400.0,900.0,1500.0
"[6s,4h,Ks,3s,Jh]",2,"[6s,4h,3s]","[6s,4h,3s,2h,5c]",,0.319722,0,0,0,draw,1000.0,0,0.0,500.0,,110110,1300.0,2400.0,800.0,1600.0
"[4c,7d,Ad,5d,3d]",2,"[4c,7d,5d,3d]","[4c,7d,5d,3d,5s]",,0.3,1,0,0,draw,1000.0,0,0.0,500.0,,110110,1100.0,0.0,600.0,-600.0
"[6s,4h,3s,2h,5c]",1,,,CNN,0.49462,0,3,4,bet_big,1000.0,200.0,5.0,500.0,,110110,1300.0,2400.0,800.0,1600.0
"[4c,7d,5d,3d,5s]",1,,,man,0.3,1,4,3,raise_big,1200.0,400.0,3.0,500.0,1,1101101,1100.0,0.0,600.0,-600.0
"[6s,4h,3s,2h,5c]",1,,,CNN,0.49462,0,3,4,raise_big,1600.0,400.0,4.0,700.0,11,11011011,1300.0,2400.0,600.0,1800.0
"[4c,7d,5d,3d,5s]",1,,,man,0.3,1,4,3,call_big,2000.0,200.0,10.0,900.0,111,110110111,1100.0,0.0,200.0,-200.0
"[6s,4h,3s,2h,5c]",1,"[6s,4h,3s,2h,5c]","[6s,4h,3s,2h,5c]",,0.49462,0,0,0,draw,2200.0,0,0.0,1100.0,,1101101110,1300.0,2400.0,200.0,2200.0
"[4c,7d,5d,3d,5s]",1,"[4c,7d,5d,3d]","[4c,7d,5d,3d,3c]",,0.3,1,0,0,draw,2200.0,0,0.0,1100.0,,1101101110,1100.0,0.0,0.0,0.0
"[6s,4h,3s,2h,5c]",0,,,CNN,0.49462,0,5,4,bet_big,2200.0,200.0,11.0,1100.0,,1101101110,1300.0,2400.0,200.0,2200.0
"[4c,7d,5d,3d,3c]",0,,,man,0.3,1,4,5,FOLD,2400.0,0,0.0,1100.0,1,11011011101,1100.0,0.0,0.0,0.0
"[3d,9d,Tc,7h,Ks]",3,,,man,0.3,0,0,0,pos_BB,0.0,100,0.0,0.0,,,700.0,1400.0,700.0,700.0
"[4h,Ah,4d,3s,5h]",3,,,CNN,0.3,1,0,0,pos_SB,100.0,50,2.0,0.0,,,700.0,0.0,700.0,-700.0
"[4h,Ah,4d,3s,5h]",3,,,CNN,0.435264,1,0,0,raise_small,150.0,150.0,1.0,50.0,,,700.0,0.0,650.0,-650.0
"[3d,9d,Tc,7h,Ks]",3,,,man,0.3,0,0,0,call_small,300.0,100.0,3.0,100.0,1,1,700.0,1400.0,600.0,800.0
"[3d,9d,Tc,7h,Ks]",3,"[3d,7h]","[3d,7h,3c,6s,7s]",,0.3,0,0,0,draw,400.0,0,0.0,200.0,,10,700.0,1400.0,500.0,900.0
"[4h,Ah,4d,3s,5h]",3,"[4h,3s,5h]","[4h,3s,5h,5d,6c]",,0.435264,1,0,0,draw,400.0,0,0.0,200.0,,10,700.0,0.0,500.0,-500.0
"[3d,7h,3c,6s,7s]",2,,,man,0.3,0,2,3,check,400.0,0,0.0,200.0,,10,700.0,1400.0,500.0,900.0
"[4h,3s,5h,5d,6c]",2,,,CNN,0.400272,1,3,2,bet_small,400.0,100.0,4.0,200.0,0,100,700.0,0.0,500.0,-500.0
"[3d,7h,3c,6s,7s]",2,,,man,0.3,0,2,3,call_small,500.0,100.0,5.0,200.0,01,1001,700.0,1400.0,500.0,900.0
"[3d,7h,3c,6s,7s]",2,"[3d,7h,6s]","[3d,7h,6s,Jc,8h]",,0.3,0,0,0,draw,600.0,0,0.0,300.0,,10010,700.0,1400.0,400.0,1000.0
"[4h,3s,5h,5d,6c]",2,"[4h,3s,5d,6c]","[4h,3s,5d,6c,5s]",,0.400272,1,0,0,draw,600.0,0,0.0,300.0,,10010,700.0,0.0,400.0,-400.0
"[3d,7h,6s,Jc,8h]",1,,,man,0.3,0,3,4,check,600.0,0,0.0,300.0,,10010,700.0,1400.0,400.0,1000.0
"[4h,3s,5d,6c,5s]",1,,,CNN,0.23621,1,4,3,bet_big,600.0,200.0,3.0,300.0,0,100100,700.0,0.0,400.0,-400.0
"[3d,7h,6s,Jc,8h]",1,,,man,0.3,0,3,4,call_big,800.0,200.0,4.0,300.0,01,1001001,700.0,1400.0,400.0,1000.0
"[3d,7h,6s,Jc,8h]",1,"[3d,7h,6s,Jc,8h]","[3d,7h,6s,Jc,8h]",,0.3,0,0,0,draw,1000.0,0,0.0,500.0,,10010010,700.0,1400.0,200.0,1200.0
"[4h,3s,5d,6c,5s]",1,"[4h,3s,5d,6c]","[4h,3s,5d,6c,2d]",,0.23621,1,0,0,draw,1000.0,0,0.0,500.0,,10010010,700.0,0.0,200.0,-200.0
"[3d,7h,6s,Jc,8h]",0,,,man,0.3,0,5,4,check,1000.0,0,0.0,500.0,,10010010,700.0,1400.0,200.0,1200.0
"[4h,3s,5d,6c,2d]",0,,,CNN,0.144867,1,4,5,bet_big,1000.0,200.0,5.0,500.0,0,100100100,700.0,0.0,200.0,-200.0
"[3d,7h,6s,Jc,8h]",0,,,man,0.3,0,5,4,call_big,1200.0,200.0,6.0,500.0,01,1001001001,700.0,1400.0,200.0,1200.0
"[5h,7d,3h,2h,6h]",3,,,CNN,0.3,0,0,0,pos_BB,0.0,100,0.0,0.0,,,1100.0,2200.0,1100.0,1100.0
"[8c,Kd,2s,7s,8h]",3,,,man,0.3,1,0,0,pos_SB,100.0,50,2.0,0.0,,,1100.0,0.0,1100.0,-1100.0
"[8c,Kd,2s,7s,8h]",3,,,man,0.3,1,0,0,raise_small,150.0,150.0,1.0,50.0,,,1100.0,0.0,1050.0,-1050.0
"[5h,7d,3h,2h,6h]",3,,,CNN,0.893355,0,0,0,raise_small,300.0,200.0,1.5,100.0,1,1,1100.0,2200.0,1000.0,1200.0
"[8c,Kd,2s,7s,8h]",3,,,man,0.3,1,0,0,call_small,500.0,100.0,5.0,200.0,11,11,1100.0,0.0,900.0,-900.0
"[5h,7d,3h,2h,6h]",3,"[5h,7d,3h,2h,6h]","[5h,7d,3h,2h,6h]",,0.893355,0,0,0,draw,600.0,0,0.0,300.0,,110,1100.0,2200.0,800.0,1400.0
"[8c,Kd,2s,7s,8h]",3,"[8c,2s,7s]","[8c,2s,7s,Jc,6s]",,0.3,1,0,0,draw,600.0,0,0.0,300.0,,110,1100.0,0.0,800.0,-800.0
"[5h,7d,3h,2h,6h]",2,,,CNN,0.876255,0,5,3,bet_small,600.0,100.0,6.0,300.0,,110,1100.0,2200.0,800.0,1400.0
"[8c,2s,7s,Jc,6s]",2,,,man,0.3,1,3,5,raise_small,700.0,200.0,3.5,300.0,1,1101,1100.0,0.0,800.0,-800.0
"[5h,7d,3h,2h,6h]",2,,,CNN,0.876255,0,5,3,call_small,900.0,100.0,9.0,400.0,11,11011,1100.0,2200.0,700.0,1500.0
"[5h,7d,3h,2h,6h]",2,"[5h,7d,3h,2h,6h]","[5h,7d,3h,2h,6h]",,0.876255,0,0,0,draw,1000.0,0,0.0,500.0,,110110,1100.0,2200.0,600.0,1600.0
"[8c,2s,7s,Jc,6s]",2,"[8c,2s,7s,6s]","[8c,2s,7s,6s,3s]",,0.3,1,0,0,draw,1000.0,0,0.0,500.0,,110110,1100.0,0.0,600.0,-600.0
"[5h,7d,3h,2h,6h]",1,,,CNN,0.876986,0,5,4,bet_big,1000.0,200.0,5.0,500.0,,110110,1100.0,2200.0,600.0,1600.0
"[8c,2s,7s,6s,3s]",1,,,man,0.3,1,4,5,raise_big,1200.0,400.0,3.0,500.0,1,1101101,1100.0,0.0,600.0,-600.0
"[5h,7d,3h,2h,6h]",1,,,CNN,0.876986,0,5,4,raise_big,1600.0,400.0,4.0,700.0,11,11011011,1100.0,2200.0,400.0,1800.0
"[8c,2s,7s,6s,3s]",1,,,man,0.3,1,4,5,call_big,2000.0,200.0,10.0,900.0,111,110110111,1100.0,0.0,200.0,-200.0
"[5h,7d,3h,2h,6h]",1,"[5h,7d,3h,2h,6h]","[5h,7d,3h,2h,6h]",,0.876986,0,0,0,draw,2200.0,0,0.0,1100.0,,1101101110,1100.0,2200.0,0.0,2200.0
"[8c,2s,7s,6s,3s]",1,"[8c,2s,7s,6s,3s]","[8c,2s,7s,6s,3s]",,0.3,1,0,0,draw,2200.0,0,0.0,1100.0,,1101101110,1100.0,0.0,0.0,0.0
"[5h,7d,3h,2h,6h]",0,,,CNN,0.876986,0,5,5,check,2200.0,0,0.0,1100.0,,1101101110,1100.0,2200.0,0.0,2200.0
"[8c,2s,7s,6s,3s]",0,,,man,0.3,1,5,5,check,2200.0,0,0.0,1100.0,0,11011011100,1100.0,0.0,0.0,0.0
"[2h,Jc,6d,7s,Kh]",3,,,man,0.3,0,0,0,pos_BB,0.0,100,0.0,0.0,,,1100.0,2200.0,1100.0,1100.0
"[3h,3d,5c,Qh,Th]",3,,,CNN,0.3,1,0,0,pos_SB,100.0,50,2.0,0.0,,,1100.0,0.0,1100.0,-1100.0
"[3h,3d,5c,Qh,Th]",3,,,CNN,0.374879,1,0,0,raise_small,150.0,150.0,1.0,50.0,,,1100.0,0.0,1050.0,-1050.0
"[2h,Jc,6d,7s,Kh]",3,,,man,0.3,0,0,0,raise_small,300.0,200.0,1.5,100.0,1,1,1100.0,2200.0,1000.0,1200.0
"[3h,3d,5c,Qh,Th]",3,,,CNN,0.374879,1,0,0,raise_small,500.0,200.0,2.5,200.0,11,11,1100.0,0.0,900.0,-900.0
"[2h,Jc,6d,7s,Kh]",3,,,man,0.3,0,0,0,call_small,700.0,100.0,7.0,300.0,111,111,1100.0,2200.0,800.0,1400.0
"[2h,Jc,6d,7s,Kh]",3,"[2h,6d,7s]","[2h,6d,7s,7c,9h]",,0.3,0,0,0,draw,800.0,0,0.0,400.0,,1110,1100.0,2200.0,700.0,1500.0
"[3h,3d,5c,Qh,Th]",3,"[3d,5c]","[3d,5c,5d,5s,6s]",,0.374879,1,0,0,draw,800.0,0,0.0,400.0,,1110,1100.0,0.0,700.0,-700.0
"[2h,6d,7s,7c,9h]",2,,,man,0.3,0,3,2,bet_small,800.0,100.0,8.0,400.0,,1110,1100.0,2200.0,700.0,1500.0
"[3d,5c,5d,5s,6s]",2,,,CNN,0.293951,1,2,3,call_small,900.0,100.0,9.0,400.0,1,11101,1100.0,0.0,700.0,-700.0
"[2h,6d,7s,7c,9h]",2,"[2h,6d,7s]","[2h,6d,7s,4d,Td]",,0.3,0,0,0,draw,1000.0,0,0.0,500.0,,111010,1100.0,2200.0,600.0,1600.0
"[3d,5c,5d,5s,6s]",2,"[3d,5s,6s]","[3d,5s,6s,3c,4h]",,0.293951,1,0,0,draw,1000.0,0,0.0,500.0,,111010,1100.0,0.0,600.0,-600.0
"[2h,6d,7s,4d,Td]",1,,,man,0.3,0,3,3,bet_big,1000.0,200.0,5.0,500.0,,111010,1100.0,2200.0,600.0,1600.0
"[3d,5s,6s,3c,4h]",1,,,CNN,0.223382,1,3,3,raise_big,1200.0,400.0,3.0,500.0,1,1110101,1100.0,0.0,600.0,-600.0
"[2h,6d,7s,4d,Td]",1,,,man,0.3,0,3,3,call_big,1600.0,200.0,8.0,700.0,11,11101011,1100.0,2200.0,400.0,1800.0
"[2h,6d,7s,4d,Td]",1,"[2h,6d,7s,4d,Td]","[2h,6d,7s,4d,Td]",,0.3,0,0,0,draw,1800.0,0,0.0,900.0,,111010110,1100.0,2200.0,200.0,2000.0
"[3d,5s,6s,3c,4h]",1,"[3d,5s,6s,4h]","[3d,5s,6s,4h,2d]",,0.223382,1,0,0,draw,1800.0,0,0.0,900.0,,111010110,1100.0,0.0,200.0,-200.0
"[2h,6d,7s,4d,Td]",0,,,man,0.3,0,5,4,check,1800.0,0,0.0,900.0,,111010110,1100.0,2200.0,200.0,2000.0
"[3d,5s,6s,4h,2d]",0,,,CNN,0.394153,1,4,5,bet_big,1800.0,200.0,9.0,900.0,0,1110101100,1100.0,0.0,200.0,-200.0
"[2h,6d,7s,4d,Td]",0,,,man,0.3,0,5,4,call_big,2000.0,200.0,10.0,900.0,01,11101011001,1100.0,2200.0,200.0,2000.0
"[Jc,9c,3s,As,2d]",3,,,CNN,0.3,0,0,0,pos_BB,0.0,100,0.0,0.0,,,1300.0,0.0,1300.0,-1300.0
"[Ts,3d,2h,8h,9s]",3,,,man,0.3,1,0,0,pos_SB,100.0,50,2.0,0.0,,,1300.0,2600.0,1300.0,1300.0
"[Ts,3d,2h,8h,9s]",3,,,man,0.3,1,0,0,raise_small,150.0,150.0,1.0,50.0,,,1300.0,2600.0,1250.0,1350.0
"[Jc,9c,3s,As,2d]",3,,,CNN,0.428822,0,0,0,raise_small,300.0,200.0,1.5,100.0,1,1,1300.0,0.0,1200.0,-1200.0
"[Ts,3d,2h,8h,9s]",3,,,man,0.3,1,0,0,call_small,500.0,100.0,5.0,200.0,11,11,1300.0,2600.0,1100.0,1500.0
"[Jc,9c,3s,As,2d]",3,"[9c,3s,2d]","[9c,3s,2d,4d,Td]",,0.428822,0,0,0,draw,600.0,0,0.0,300.0,,110,1300.0,0.0,1000.0,-1000.0
"[Ts,3d,2h,8h,9s]",3,"[3d,2h,8h]","[3d,2h,8h,7s,7c]",,0.3,1,0,0,draw,600.0,0,0.0,300.0,,110,1300.0,2600.0,1000.0,1600.0
"[9c,3s,2d,4d,Td]",2,,,CNN,0.429097,0,3,3,bet_small,600.0,100.0,6.0,300.0,,110,1300.0,0.0,1000.0,-1000.0
"[3d,2h,8h,7s,7c]",2,,,man,0.3,1,3,3,raise_small,700.0,200.0,3.5,300.0,1,1101,1300.0,2600.0,1000.0,1600.0
"[9c,3s,2d,4d,Td]",2,,,CNN,0.429097,0,3,3,call_small,900.0,100.0,9.0,400.0,11,11011,1300.0,0.0,900.0,-900.0
"[9c,3s,2d,4d,Td]",2,"[9c,3s,2d,4d]","[9c,3s,2d,4d,Qs]",,0.429097,0,0,0,draw,1000.0,0,0.0,500.0,,110110,1300.0,0.0,800.0,-800.0
"[3d,2h,8h,7s,7c]",2,"[3d,2h,8h,7s]","[3d,2h,8h,7s,Ad]",,0.3,1,0,0,draw,1000.0,0,0.0,500.0,,110110,1300.0,2600.0,800.0,1800.0
"[9c,3s,2d,4d,Qs]",1,,,CNN,0.27913,0,4,4,bet_big,1000.0,200.0,5.0,500.0,,110110,1300.0,0.0,800.0,-800.0
"[3d,2h,8h,7s,Ad]",1,,,man,0.3,1,4,4,call_big,1200.0,200.0,6.0,500.0,1,1101101,1300.0,2600.0,800.0,1800.0
"[9c,3s,2d,4d,Qs]",1,"[9c,3s,2d,4d]","[9c,3s,2d,4d,8c]",,0.27913,0,0,0,draw,1400.0,0,0.0,700.0,,11011010,1300.0,0.0,600.0,-600.0
"[3d,2h,8h,7s,Ad]",1,"[3d,2h,8h,7s]","[3d,2h,8h,7s,6h]",,0.3,1,0,0,draw,1400.0,0,0.0,700.0,,11011010,1300.0,2600.0,600.0,2000.0
"[9c,3s,2d,4d,8c]",0,,,CNN,0.564943,0,4,4,bet_big,1400.0,200.0,7.0,700.0,,11011010,1300.0,0.0,600.0,-600.0
"[3d,2h,8h,7s,6h]",0,,,man,0.3,1,4,4,raise_big,1600.0,400.0,4.0,700.0,1,110110101,1300.0,2600.0,600.0,2000.0
"[9c,3s,2d,4d,8c]",0,,,CNN,0.564943,0,4,4,raise_big,2000.0,400.0,5.0,900.0,11,1101101011,1300.0,0.0,400.0,-400.0
"[3d,2h,8h,7s,6h]",0,,,man,0.3,1,4,4,call_big,2400.0,200.0,12.0,1100.0,111,11011010111,1300.0,2600.0,200.0,2400.0
"[9s,Ac,5h,2c,As]",3,,,man,0.3,0,0,0,pos_BB,0.0,100,0.0,0.0,,,100.0,150.0,100.0,50.0
"[Tc,Th,8s,Jc,Kd]",3,,,CNN,0.3,1,0,0,pos_SB,100.0,50,2.0,0.0,,,50.0,0.0,50.0,-50.0
"[Tc,Th,8s,Jc,Kd]",3,,,CNN,0.300201,1,0,0,FOLD,150.0,0,0.0,50.0,,,50.0,0.0,0.0,0.0
"[4s,6c,8d,Ad,8h]",3,,,CNN,0.3,0,0,0,pos_BB,0.0,100,0.0,0.0,,,900.0,0.0,900.0,-900.0
"[Qs,9h,Kc,2h,5c]",3,,,man,0.3,1,0,0,pos_SB,100.0,50,2.0,0.0,,,1100.0,2000.0,1100.0,900.0
"[Qs,9h,Kc,2h,5c]",3,,,man,0.3,1,0,0,raise_small,150.0,150.0,1.0,50.0,,,1100.0,2000.0,1050.0,950.0
"[4s,6c,8d,Ad,8h]",3,,,CNN,0.414607,0,0,0,raise_small,300.0,200.0,1.5,100.0,1,1,900.0,0.0,800.0,-800.0
"[Qs,9h,Kc,2h,5c]",3,,,man,0.3,1,0,0,call_small,500.0,100.0,5.0,200.0,11,11,1100.0,2000.0,900.0,1100.0
"[4s,6c,8d,Ad,8h]",3,"[4s,6c,8d]","[4s,6c,8d,7d,Jh]",,0.414607,0,0,0,draw,600.0,0,0.0,300.0,,110,900.0,0.0,600.0,-600.0
"[Qs,9h,Kc,2h,5c]",3,"[2h,5c]","[2h,5c,4c,8c,5d]",,0.3,1,0,0,draw,600.0,0,0.0,300.0,,110,1100.0,2000.0,800.0,1200.0
"[4s,6c,8d,7d,Jh]",2,,,CNN,0.369592,0,3,2,bet_small,600.0,100.0,6.0,300.0,,110,900.0,0.0,600.0,-600.0
"[2h,5c,4c,8c,5d]",2,,,man,0.3,1,2,3,raise_small,700.0,200.0,3.5,300.0,1,1101,1100.0,2000.0,800.0,1200.0
"[4s,6c,8d,7d,Jh]",2,,,CNN,0.369592,0,3,2,raise_small,900.0,200.0,4.5,400.0,11,11011,900.0,0.0,500.0,-500.0
"[2h,5c,4c,8c,5d]",2,,,man,0.3,1,2,3,raise_small,1100.0,200.0,5.5,500.0,111,110111,1100.0,2000.0,600.0,1400.0
"[4s,6c,8d,7d,Jh]",2,,,CNN,0.369592,0,3,2,call_small,1300.0,100.0,13.0,600.0,1111,1101111,900.0,0.0,300.0,-300.0
"[4s,6c,8d,7d,Jh]",2,"[4s,6c,8d,7d]","[4s,6c,8d,7d,4h]",,0.369592,0,0,0,draw,1400.0,0,0.0,700.0,,11011110,900.0,0.0,200.0,-200.0
"[2h,5c,4c,8c,5d]",2,"[2h,5c,4c,8c]","[2h,5c,4c,8c,7c]",,0.3,1,0,0,draw,1400.0,0,0.0,700.0,,11011110,1100.0,2000.0,400.0,1600.0
"[4s,6c,8d,7d,4h]",1,,,CNN,0.256179,0,4,4,bet_big,1400.0,200.0,7.0,700.0,,11011110,900.0,0.0,200.0,-200.0
"[2h,5c,4c,8c,7c]",1,,,man,0.3,1,4,4,raise_big,1600.0,400.0,4.0,700.0,1,110111101,1100.0,2000.0,400.0,1600.0
"[4s,6c,8d,7d,4h]",1,,,CNN,0.256179,0,4,4,FOLD,2000.0,0,0.0,900.0,11,1101111011,900.0,0.0,0.0,0.0
"[6c,3d,4d,7s,5d]",3,,,man,0.3,0,0,0,pos_BB,0.0,100,0.0,0.0,,,1100.0,0.0,1100.0,-1100.0
"[Ah,Td,5h,7c,4h]",3,,,CNN,0.3,1,0,0,pos_SB,100.0,50,2.0,0.0,,,1100.0,2200.0,1100.0,1100.0
"[Ah,Td,5h,7c,4h]",3,,,CNN,0.420788,1,0,0,raise_small,150.0,150.0,1.0,50.0,,,1100.0,2200.0,1050.0,1150.0
"[6c,3d,4d,7s,5d]",3,,,man,0.3,0,0,0,raise_small,300.0,200.0,1.5,100.0,1,1,1100.0,0.0,1000.0,-1000.0
"[Ah,Td,5h,7c,4h]",3,,,CNN,0.420788,1,0,0,raise_small,500.0,200.0,2.5,200.0,11,11,1100.0,2200.0,900.0,1300.0
"[6c,3d,4d,7s,5d]",3,,,man,0.3,0,0,0,call_small,700.0,100.0,7.0,300.0,111,111,1100.0,0.0,800.0,-800.0
"[6c,3d,4d,7s,5d]",3,"[6c,3d,4d,7s,5d]","[6c,3d,4d,7s,5d]",,0.3,0,0,0,draw,800.0,0,0.0,400.0,,1110,1100.0,0.0,700.0,-700.0
"[Ah,Td,5h,7c,4h]",3,"[5h,7c,4h]","[5h,7c,4h,3c,Jc]",,0.420788,1,0,0,draw,800.0,0,0.0,400.0,,1110,1100.0,2200.0,700.0,1500.0
"[6c,3d,4d,7s,5d]",2,,,man,0.3,0,5,3,bet_small,800.0,100.0,8.0,400.0,,1110,1100.0,0.0,700.0,-700.0
"[5h,7c,4h,3c,Jc]",2,,,CNN,0.462512,1,3,5,raise_small,900.0,200.0,4.5,400.0,1,11101,1100.0,2200.0,700.0,1500.0
"[6c,3d,4d,7s,5d]",2,,,man,0.3,0,5,3,raise_small,1100.0,200.0,5.5,500.0,11,111011,1100.0,0.0,600.0,-600.0
"[5h,7c,4h,3c,Jc]",2,,,CNN,0.462512,1,3,5,call_small,1300.0,100.0,13.0,600.0,111,1110111,1100.0,2200.0,500.0,1700.0
"[6c,3d,4d,7s,5d]",2,"[6c,3d,4d,7s,5d]","[6c,3d,4d,7s,5d]",,0.3,0,0,0,draw,1400.0,0,0.0,700.0,,11101110,1100.0,0.0,400.0,-400.0
"[5h,7c,4h,3c,Jc]",2,"[5h,7c,4h,3c]","[5h,7c,4h,3c,Tc]",,0.462512,1,0,0,draw,1400.0,0,0.0,700.0,,11101110,1100.0,2200.0,400.0,1800.0
"[6c,3d,4d,7s,5d]",1,,,man,0.3,0,5,4,bet_big,1400.0,200.0,7.0,700.0,,11101110,1100.0,0.0,400.0,-400.0
"[5h,7c,4h,3c,Tc]",1,,,CNN,0.379482,1,4,5,raise_big,1600.0,400.0,4.0,700.0,1,111011101,1100.0,2200.0,400.0,1800.0
"[6c,3d,4d,7s,5d]",1,,,man,0.3,0,5,4,call_big,2000.0,200.0,10.0,900.0,11,1110111011,1100.0,0.0,200.0,-200.0
"[6c,3d,4d,7s,5d]",1,"[6c,3d,4d,7s,5d]","[6c,3d,4d,7s,5d]",,0.3,0,0,0,draw,2200.0,0,0.0,1100.0,,11101110110,1100.0,0.0,0.0,0.0
"[5h,7c,4h,3c,Tc]",1,"[5h,7c,4h,3c,Tc]","[5h,7c,4h,3c,Tc]",,0.379482,1,0,0,draw,2200.0,0,0.0,1100.0,,11101110110,1100.0,2200.0,0.0,2200.0
"[6c,3d,4d,7s,5d]",0,,,man,0.3,0,5,5,check,2200.0,0,0.0,1100.0,,11101110110,1100.0,0.0,0.0,0.0
"[5h,7c,4h,3c,Tc]",0,,,CNN,0.379482,1,5,5,check,2200.0,0,0.0,1100.0,0,111011101100,1100.0,2200.0,0.0,2200.0
"[9d,6s,7d,Kh,4s]",3,,,CNN,0.3,0,0,0,pos_BB,0.0,100,0.0,0.0,,,100.0,0.0,100.0,-100.0
"[3d,7h,9c,Ad,6c]",3,,,man,0.3,1,0,0,pos_SB,100.0,50,2.0,0.0,,,200.0,300.0,200.0,100.0
"[3d,7h,9c,Ad,6c]",3,,,man,0.3,1,0,0,raise_small,150.0,150.0,1.0,50.0,,,200.0,300.0,150.0,150.0
"[9d,6s,7d,Kh,4s]",3,,,CNN,0.431912,0,0,0,FOLD,300.0,0,0.0,100.0,1,1,100.0,0.0,0.0,0.0
"[Th,6d,Tc,Jh,Qh]",3,,,man,0.3,0,0,0,pos_BB,0.0,100,0.0,0.0,,,100.0,0.0,100.0,-100.0
"[Qc,9h,4h,8d,Kh]",3,,,CNN,0.3,1,0,0,pos_SB,100.0,50,2.0,0.0,,,200.0,300.0,200.0,100.0
"[Qc,9h,4h,8d,Kh]",3,,,CNN,0.365344,1,0,0,raise_small,150.0,150.0,1.0,50.0,,,200.0,300.0,150.0,150.0
"[Th,6d,Tc,Jh,Qh]",3,,,man,0.3,0,0,0,FOLD,300.0,0,0.0,100.0,1,1,100.0,0.0,0.0,0.0
"[4c,Jh,3s,9d,Th]",3,,,CNN,0.3,0,0,0,pos_BB,0.0,100,0.0,0.0,,,1200.0,0.0,1200.0,-1200.0
"[6d,5c,3d,Qc,Js]",3,,,man,0.3,1,0,0,pos_SB,100.0,50,2.0,0.0,,,1400.0,2600.0,1400.0,1200.0
"[6d,5c,3d,Qc,Js]",3,,,man,0.3,1,0,0,raise_small,150.0,150.0,1.0,50.0,,,1400.0,2600.0,1350.0,1250.0
"[4c,Jh,3s,9d,Th]",3,,,CNN,0.393951,0,0,0,raise_small,300.0,200.0,1.5,100.0,1,1,1200.0,0.0,1100.0,-1100.0
"[6d,5c,3d,Qc,Js]",3,,,man,0.3,1,0,0,call_small,500.0,100.0,5.0,200.0,11,11,1400.0,2600.0,1200.0,1400.0
"[4c,Jh,3s,9d,Th]",3,"[4c,3s,9d]","[4c,3s,9d,2h,9c]",,0.393951,0,0,0,draw,600.0,0,0.0,300.0,,110,1200.0,0.0,900.0,-900.0
"[6d,5c,3d,Qc,Js]",3,"[6d,5c,3d]","[6d,5c,3d,7d,7h]",,0.3,1,0,0,draw,600.0,0,0.0,300.0,,110,1400.0,2600.0,1100.0,1500.0
"[4c,3s,9d,2h,9c]",2,,,CNN,0.423596,0,3,3,bet_small,600.0,100.0,6.0,300.0,,110,1200.0,0.0,900.0,-900.0
"[6d,5c,3d,7d,7h]",2,,,man,0.3,1,3,3,raise_small,700.0,200.0,3.5,300.0,1,1101,1400.0,2600.0,1100.0,1500.0
"[4c,3s,9d,2h,9c]",2,,,CNN,0.423596,0,3,3,raise_small,900.0,200.0,4.5,400.0,11,11011,1200.0,0.0,800.0,-800.0
"[6d,5c,3d,7d,7h]",2,,,man,0.3,1,3,3,call_small,1100.0,100.0,11.0,500.0,111,110111,1400.0,2600.0,900.0,1700.0
"[4c,3s,9d,2h,9c]",2,"[4c,3s,2h,9c]","[4c,3s,2h,9c,Tc]",,0.423596,0,0,0,draw,1200.0,0,0.0,600.0,,1101110,1200.0,0.0,600.0,-600.0
"[6d,5c,3d,7d,7h]",2,"[6d,5c,3d,7d]","[6d,5c,3d,7d,2s]",,0.3,1,0,0,draw,1200.0,0,0.0,600.0,,1101110,1400.0,2600.0,800.0,1800.0
"[4c,3s,2h,9c,Tc]",1,,,CNN,0.309903,0,4,4,bet_big,1200.0,200.0,6.0,600.0,,1101110,1200.0,0.0,600.0,-600.0
"[6d,5c,3d,7d,2s]",1,,,man,0.3,1,4,4,raise_big,1400.0,400.0,3.5,600.0,1,11011101,1400.0,2600.0,800.0,1800.0
"[4c,3s,2h,9c,Tc]",1,,,CNN,0.309903,0,4,4,raise_big,1800.0,400.0,4.5,800.0,11,110111011,1200.0,0.0,400.0,-400.0
"[6d,5c,3d,7d,2s]",1,,,man,0.3,1,4,4,raise_big,2200.0,400.0,5.5,1000.0,111,1101110111,1400.0,2600.0,400.0,2200.0
"[4c,3s,2h,9c,Tc]",1,,,CNN,0.309903,0,4,4,FOLD,2600.0,0,0.0,1200.0,1111,11011101111,1200.0,0.0,0.0,0.0
"[Jd,7c,Ts,7s,6d]",3,,,man,0.3,0,0,0,pos_BB,0.0,100,0.0,0.0,,,800.0,1600.0,800.0,800.0
"[8d,6s,3s,7h,9d]",3,,,CNN,0.3,1,0,0,pos_SB,100.0,50,2.0,0.0,,,800.0,0.0,800.0,-800.0
"[8d,6s,3s,7h,9d]",3,,,CNN,0.479525,1,0,0,call_small,150.0,50.0,3.0,50.0,,,800.0,0.0,750.0,-750.0
"[Jd,7c,Ts,7s,6d]",3,,,man,0.3,0,0,0,check,200.0,0,0.0,100.0,0,0,800.0,1600.0,700.0,900.0
"[Jd,7c,Ts,7s,6d]",3,"[7c,6d]","[7c,6d,6h,5h,9h]",,0.3,0,0,0,draw,200.0,0,0.0,100.0,,00,800.0,1600.0,700.0,900.0
"[8d,6s,3s,7h,9d]",3,"[8d,6s,3s,7h]","[8d,6s,3s,7h,3h]",,0.479525,1,0,0,draw,200.0,0,0.0,100.0,,00,800.0,0.0,700.0,-700.0
"[7c,6d,6h,5h,9h]",2,,,man,0.3,0,2,4,check,200.0,0,0.0,100.0,,00,800.0,1600.0,700.0,900.0
"[8d,6s,3s,7h,3h]",2,,,CNN,0.422032,1,4,2,bet_small,200.0,100.0,2.0,100.0,0,000,800.0,0.0,700.0,-700.0
"[7c,6d,6h,5h,9h]",2,,,man,0.3,0,2,4,call_small,300.0,100.0,3.0,100.0,01,0001,800.0,1600.0,700.0,900.0
"[7c,6d,6h,5h,9h]",2,"[7c,6d,5h,9h]","[7c,6d,5h,9h,4d]",,0.3,0,0,0,draw,400.0,0,0.0,200.0,,00010,800.0,1600.0,600.0,1000.0
"[8d,6s,3s,7h,3h]",2,"[8d,6s,7h,3h]","[8d,6s,7h,3h,Qd]",,0.422032,1,0,0,draw,400.0,0,0.0,200.0,,00010,800.0,0.0,600.0,-600.0
"[7c,6d,5h,9h,4d]",1,,,man,0.3,0,4,4,check,400.0,0,0.0,200.0,,00010,800.0,1600.0,600.0,1000.0
"[8d,6s,7h,3h,Qd]",1,,,CNN,0.254514,1,4,4,bet_big,400.0,200.0,2.0,200.0,0,000100,800.0,0.0,600.0,-600.0
"[7c,6d,5h,9h,4d]",1,,,man,0.3,0,4,4,raise_big,600.0,400.0,1.5,200.0,01,0001001,800.0,1600.0,600.0,1000.0
"[8d,6s,7h,3h,Qd]",1,,,CNN,0.254514,1,4,4,call_big,1000.0,200.0,5.0,400.0,011,00010011,800.0,0.0,400.0,-400.0
"[7c,6d,5h,9h,4d]",1,"[7c,6d,5h,9h,4d]","[7c,6d,5h,9h,4d]",,0.3,0,0,0,draw,1200.0,0,0.0,600.0,,000100110,800.0,1600.0,200.0,1400.0
"[8d,6s,7h,3h,Qd]",1,"[8d,6s,7h,3h]","[8d,6s,7h,3h,Qc]",,0.254514,1,0,0,draw,1200.0,0,0.0,600.0,,000100110,800.0,0.0,200.0,-200.0
"[7c,6d,5h,9h,4d]",0,,,man,0.3,0,5,4,bet_big,1200.0,200.0,6.0,600.0,,000100110,800.0,1600.0,200.0,1400.0
"[8d,6s,7h,3h,Qc]",0,,,CNN,0.101536,1,4,5,call_big,1400.0,200.0,7.0,600.0,1,0001001101,800.0,0.0,200.0,-200.0
"[6h,5d,Jd,Jh,Kd]",3,,,CNN,0.3,0,0,0,pos_BB,0.0,100,0.0,0.0,,,800.0,0.0,800.0,-800.0
"[7s,Kc,7h,4s,Th]",3,,,man,0.3,1,0,0,pos_SB,100.0,50,2.0,0.0,,,1000.0,1800.0,1000.0,800.0
"[7s,Kc,7h,4s,Th]",3,,,man,0.3,1,0,0,raise_small,150.0,150.0,1.0,50.0,,,1000.0,1800.0,950.0,850.0
"[6h,5d,Jd,Jh,Kd]",3,,,CNN,0.364498,0,0,0,raise_small,300.0,200.0,1.5,100.0,1,1,800.0,0.0,700.0,-700.0
"[7s,Kc,7h,4s,Th]",3,,,man,0.3,1,0,0,call_small,500.0,100.0,5.0,200.0,11,11,1000.0,1800.0,800.0,1000.0
"[6h,5d,Jd,Jh,Kd]",3,"[6h,5d]","[6h,5d,4c,Ts,4h]",,0.364498,0,0,0,draw,600.0,0,0.0,300.0,,110,800.0,0.0,500.0,-500.0
"[7s,Kc,7h,4s,Th]",3,"[7s,4s]","[7s,4s,5h,Js,8c]",,0.3,1,0,0,draw,600.0,0,0.0,300.0,,110,1000.0,1800.0,700.0,1100.0
"[6h,5d,4c,Ts,4h]",2,,,CNN,0.290498,0,2,2,bet_small,600.0,100.0,6.0,300.0,,110,800.0,0.0,500.0,-500.0
"[7s,4s,5h,Js,8c]",2,,,man,0.3,1,2,2,call_small,700.0,100.0,7.0,300.0,1,1101,1000.0,1800.0,700.0,1100.0
"[6h,5d,4c,Ts,4h]",2,"[6h,5d,4h]","[6h,5d,4h,Qc,6s]",,0.290498,0,0,0,draw,800.0,0,0.0,400.0,,11010,800.0,0.0,400.0,-400.0
"[7s,4s,5h,Js,8c]",2,"[7s,4s,5h,8c]","[7s,4s,5h,8c,4d]",,0.3,1,0,0,draw,800.0,0,0.0,400.0,,11010,1000.0,1800.0,600.0,1200.0
"[6h,5d,4h,Qc,6s]",1,,,CNN,0.13681,0,3,4,bet_big,800.0,200.0,4.0,400.0,,11010,800.0,0.0,400.0,-400.0
"[7s,4s,5h,8c,4d]",1,,,man,0.3,1,4,3,call_big,1000.0,200.0,5.0,400.0,1,110101,1000.0,1800.0,600.0,1200.0
"[6h,5d,4h,Qc,6s]",1,"[6h,5d,4h]","[6h,5d,4h,5s,3s]",,0.13681,0,0,0,draw,1200.0,0,0.0,600.0,,1101010,800.0,0.0,200.0,-200.0
"[7s,4s,5h,8c,4d]",1,"[7s,4s,5h,8c]","[7s,4s,5h,8c,9c]",,0.3,1,0,0,draw,1200.0,0,0.0,600.0,,1101010,1000.0,1800.0,400.0,1400.0
"[6h,5d,4h,5s,3s]",0,,,CNN,0.0730245,0,3,4,bet_big,1200.0,200.0,6.0,600.0,,1101010,800.0,0.0,200.0,-200.0
"[7s,4s,5h,8c,9c]",0,,,man,0.3,1,4,3,raise_big,1400.0,400.0,3.5,600.0,1,11010101,1000.0,1800.0,400.0,1400.0
"[6h,5d,4h,5s,3s]",0,,,CNN,0.0730245,0,3,4,FOLD,1800.0,0,0.0,800.0,11,110101011,800.0,0.0,0.0,0.0
"[9c,Ah,5d,Ac,5h]",3,,,man,0.3,0,0,0,pos_BB,0.0,100,0.0,0.0,,,200.0,0.0,200.0,-200.0
"[6h,9s,2h,4h,5s]",3,,,CNN,0.3,1,0,0,pos_SB,100.0,50,2.0,0.0,,,300.0,500.0,300.0,200.0
"[6h,9s,2h,4h,5s]",3,,,CNN,0.649971,1,0,0,raise_small,150.0,150.0,1.0,50.0,,,300.0,500.0,250.0,250.0
"[9c,Ah,5d,Ac,5h]",3,,,man,0.3,0,0,0,call_small,300.0,100.0,3.0,100.0,1,1,200.0,0.0,100.0,-100.0
"[9c,Ah,5d,Ac,5h]",3,[5h],"[5h,Jc,Qd,Qh,8d]",,0.3,0,0,0,draw,400.0,0,0.0,200.0,,10,200.0,0.0,0.0,0.0
"[6h,9s,2h,4h,5s]",3,"[6h,9s,2h,4h,5s]","[6h,9s,2h,4h,5s]",,0.649971,1,0,0,draw,400.0,0,0.0,200.0,,10,300.0,500.0,100.0,400.0
"[5h,Jc,Qd,Qh,8d]",2,,,man,0.3,0,1,5,check,400.0,0,0.0,200.0,,10,200.0,0.0,0.0,0.0
"[6h,9s,2h,4h,5s]",2,,,CNN,0.625808,1,5,1,bet_small,400.0,100.0,4.0,200.0,0,100,300.0,500.0,100.0,400.0
"[5h,Jc,Qd,Qh,8d]",2,,,man,0.3,0,1,5,FOLD,500.0,0,0.0,200.0,01,1001,200.0,0.0,0.0,0.0
"[8d,7h,5d,6d,Ks]",3,,,CNN,0.3,0,0,0,pos_BB,0.0,100,0.0,0.0,,,900.0,0.0,900.0,-900.0
"[3s,8s,2s,2d,Ac]",3,,,man,0.3,1,0,0,pos_SB,100.0,50,2.0,0.0,,,900.0,1800.0,900.0,900.0
"[3s,8s,2s,2d,Ac]",3,,,man,0.3,1,0,0,raise_small,150.0,150.0,1.0,50.0,,,900.0,1800.0,850.0,950.0
"[8d,7h,5d,6d,Ks]",3,,,CNN,0.442154,0,0,0,raise_small,300.0,200.0,1.5,100.0,1,1,900.0,0.0,800.0,-800.0
"[3s,8s,2s,2d,Ac]",3,,,man,0.3,1,0,0,call_small,500.0,100.0,5.0,200.0,11,11,900.0,1800.0,700.0,1100.0
"[8d,7h,5d,6d,Ks]",3,"[8d,7h,5d,6d]","[8d,7h,5d,6d,4s]",,0.442154,0,0,0,draw,600.0,0,0.0,300.0,,110,900.0,0.0,600.0,-600.0
"[3s,8s,2s,2d,Ac]",3,"[3s,8s,2s]","[3s,8s,2s,6s,Js]",,0.3,1,0,0,draw,600.0,0,0.0,300.0,,110,900.0,1800.0,600.0,1200.0
"[8d,7h,5d,6d,4s]",2,,,CNN,0.34645,0,4,3,bet_small,600.0,100.0,6.0,300.0,,110,900.0,0.0,600.0,-600.0
"[3s,8s,2s,6s,Js]",2,,,man,0.3,1,3,4,raise_small,700.0,200.0,3.5,300.0,1,1101,900.0,1800.0,600.0,1200.0
"[8d,7h,5d,6d,4s]",2,,,CNN,0.34645,0,4,3,call_small,900.0,100.0,9.0,400.0,11,11011,900.0,0.0,500.0,-500.0
"[8d,7h,5d,6d,4s]",2,"[8d,5d,6d,4s]","[8d,5d,6d,4s,Ad]",,0.34645,0,0,0,draw,1000.0,0,0.0,500.0,,110110,900.0,0.0,400.0,-400.0
"[3s,8s,2s,6s,Js]",2,"[3s,8s,2s,6s]","[3s,8s,2s,6s,6c]",,0.3,1,0,0,draw,1000.0,0,0.0,500.0,,110110,900.0,1800.0,400.0,1400.0
"[8d,5d,6d,4s,Ad]",1,,,CNN,0.251551,0,4,4,bet_big,1000.0,200.0,5.0,500.0,,110110,900.0,0.0,400.0,-400.0
"[3s,8s,2s,6s,6c]",1,,,man,0.3,1,4,4,call_big,1200.0,200.0,6.0,500.0,1,1101101,900.0,1800.0,400.0,1400.0
"[8d,5d,6d,4s,Ad]",1,"[8d,5d,6d,4s]","[8d,5d,6d,4s,8h]",,0.251551,0,0,0,draw,1400.0,0,0.0,700.0,,11011010,900.0,0.0,200.0,-200.0
"[3s,8s,2s,6s,6c]",1,"[3s,8s,2s,6s]","[3s,8s,2s,6s,Th]",,0.3,1,0,0,draw,1400.0,0,0.0,700.0,,11011010,900.0,1800.0,200.0,1600.0
"[8d,5d,6d,4s,8h]",0,,,CNN,0.071184,0,4,4,bet_big,1400.0,200.0,7.0,700.0,,11011010,900.0,0.0,200.0,-200.0
"[3s,8s,2s,6s,Th]",0,,,man,0.3,1,4,4,call_big,1600.0,200.0,8.0,700.0,1,110110101,900.0,1800.0,200.0,1600.0
"[Jc,2h,Qd,3d,Qc]",3,,,man,0.3,0,0,0,pos_BB,0.0,100,0.0,0.0,,,600.0,0.0,600.0,-600.0
"[8s,2c,9h,3s,6d]",3,,,CNN,0.3,1,0,0,pos_SB,100.0,50,2.0,0.0,,,800.0,1400.0,800.0,600.0
"[8s,2c,9h,3s,6d]",3,,,CNN,0.578631,1,0,0,raise_small,150.0,150.0,1.0,50.0,,,800.0,1400.0,750.0,650.0
"[Jc,2h,Qd,3d,Qc]",3,,,man,0.3,0,0,0,call_small,300.0,100.0,3.0,100.0,1,1,600.0,0.0,500.0,-500.0
"[Jc,2h,Qd,3d,Qc]",3,"[2h,3d]","[2h,3d,4c,8h,Ac]",,0.3,0,0,0,draw,400.0,0,0.0,200.0,,10,600.0,0.0,400.0,-400.0
"[8s,2c,9h,3s,6d]",3,"[8s,2c,3s,6d]","[8s,2c,3s,6d,5s]",,0.578631,1,0,0,draw,400.0,0,0.0,200.0,,10,800.0,1400.0,600.0,800.0
"[2h,3d,4c,8h,Ac]",2,,,man,0.3,0,2,4,check,400.0,0,0.0,200.0,,10,600.0,0.0,400.0,-400.0
"[8s,2c,3s,6d,5s]",2,,,CNN,0.870982,1,4,2,bet_small,400.0,100.0,4.0,200.0,0,100,800.0,1400.0,600.0,800.0
"[2h,3d,4c,8h,Ac]",2,,,man,0.3,0,2,4,raise_small,500.0,200.0,2.5,200.0,01,1001,600.0,0.0,400.0,-400.0
"[8s,2c,3s,6d,5s]",2,,,CNN,0.870982,1,4,2,call_small,700.0,100.0,7.0,300.0,011,10011,800.0,1400.0,500.0,900.0
"[2h,3d,4c,8h,Ac]",2,"[2h,3d,4c,8h]","[2h,3d,4c,8h,4s]",,0.3,0,0,0,draw,800.0,0,0.0,400.0,,100110,600.0,0.0,200.0,-200.0
"[8s,2c,3s,6d,5s]",2,"[8s,2c,3s,6d,5s]","[8s,2c,3s,6d,5s]",,0.870982,1,0,0,draw,800.0,0,0.0,400.0,,100110,800.0,1400.0,400.0,1000.0
"[2h,3d,4c,8h,4s]",1,,,man,0.3,0,4,5,check,800.0,0,0.0,400.0,,100110,600.0,0.0,200.0,-200.0
"[8s,2c,3s,6d,5s]",1,,,CNN,0.810058,1,5,4,bet_big,800.0,200.0,4.0,400.0,0,1001100,800.0,1400.0,400.0,1000.0
"[2h,3d,4c,8h,4s]",1,,,man,0.3,0,4,5,call_big,1000.0,200.0,5.0,400.0,01,10011001,600.0,0.0,200.0,-200.0
"[2h,3d,4c,8h,4s]",1,"[2h,3d,4c,8h]","[2h,3d,4c,8h,Ad]",,0.3,0,0,0,draw,1200.0,0,0.0,600.0,,100110010,600.0,0.0,0.0,0.0
"[8s,2c,3s,6d,5s]",1,"[8s,2c,3s,6d,5s]","[8s,2c,3s,6d,5s]",,0.810058,1,0,0,draw,1200.0,0,0.0,600.0,,100110010,800.0,1400.0,200.0,1200.0
"[2h,3d,4c,8h,Ad]",0,,,man,0.3,0,4,5,check,1200.0,0,0.0,600.0,,100110010,600.0,0.0,0.0,0.0
"[8s,2c,3s,6d,5s]",0,,,CNN,0.810058,1,5,4,bet_big,1200.0,200.0,6.0,600.0,0,1001100100,800.0,1400.0,200.0,1200.0
"[2h,3d,4c,8h,Ad]",0,,,man,0.3,0,4,5,FOLD,1400.0,0,0.0,600.0,01,10011001001,600.0,0.0,0.0,0.0
