hand,draws_left,best_draw,hand_after,bet_model,value_heuristic,position,num_cards_kept,num_opponent_kept,action,pot_size,bet_size,pot_odds,bet_this_hand,actions_this_round,actions_full_hand,total_bet,result,margin_bet,margin_result,current_margin_result,future_margin_result,oppn_hand,current_hand_win
"[7d,Tc,7c,2c,8h]",3,,,CNN_6,0.3,0,0,0,pos_BB,0.0,100,0.0,0.0,,,200.0,0.0,200.0,-200.0,-100,-100.0,"[4s,2s,Js,9c,3h]",0.0
"[4s,2s,Js,9c,3h]",3,,,CNN_45,0.3,1,0,0,pos_SB,100.0,50,2.0,0.0,,,400.0,600.0,400.0,200.0,100.0,100.0,"[7d,Tc,7c,2c,8h]",1.0
"[4s,2s,Js,9c,3h]",3,,,CNN_45,0.516125,1,0,0,raise_small,150.0,150.0,1.0,50.0,,,400.0,600.0,350.0,250.0,150.0,100.0,"[7d,Tc,7c,2c,8h]",1.0
"[7d,Tc,7c,2c,8h]",3,,,CNN_6,0.419149,0,0,0,call_small,300.0,100.0,3.0,100.0,1,1,200.0,0.0,100.0,-100.0,-100.0,0.0,"[4s,2s,Js,9c,3h]",0.0
"[7d,Tc,7c,2c,8h]",3,"[7d,2c,8h]","[7d,2c,8h,Ah,Kd]",CNN_6,0.419149,0,0,0,draw,400.0,0,0.0,200.0,,10,200.0,0.0,0.0,0.0,0,0,"[4s,2s,Js,9c,3h]",0.0
"[4s,2s,Js,9c,3h]",3,"[4s,2s,9c,3h]","[4s,2s,9c,3h,7s]",CNN_45,0.516125,1,0,0,draw,400.0,0,0.0,200.0,,10,400.0,600.0,200.0,400.0,400.0,0.0,"[7d,2c,8h,Ah,Kd]",1.0
"[7d,2c,8h,Ah,Kd]",2,,,CNN_6,0.320536,0,3,4,check,400.0,0,0.0,200.0,,10,200.0,0.0,0.0,0.0,0,0,"[4s,2s,9c,3h,7s]",0.0
"[4s,2s,9c,3h,7s]",2,,,CNN_45,0.645318,1,4,3,check,400.0,0,0.0,200.0,0,100,400.0,600.0,200.0,400.0,400.0,0.0,"[7d,2c,8h,Ah,Kd]",1.0
"[7d,2c,8h,Ah,Kd]",2,"[7d,2c,8h]","[7d,2c,8h,6d,4d]",CNN_6,0.320536,0,0,0,draw,400.0,0,0.0,200.0,,1000,200.0,0.0,0.0,0.0,0,0,"[4s,2s,9c,3h,7s]",0.0
"[4s,2s,9c,3h,7s]",2,"[4s,2s,9c,3h,7s]","[4s,2s,9c,3h,7s]",CNN_45,0.645318,1,0,0,draw,400.0,0,0.0,200.0,,1000,400.0,600.0,200.0,400.0,400.0,0.0,"[7d,2c,8h,6d,4d]",0.0
"[7d,2c,8h,6d,4d]",1,,,CNN_6,0.677727,0,3,5,check,400.0,0,0.0,200.0,,1000,200.0,0.0,0.0,0.0,0,0,"[4s,2s,9c,3h,7s]",1.0
"[4s,2s,9c,3h,7s]",1,,,CNN_45,0.666292,1,5,3,bet_big,400.0,200.0,2.0,200.0,0,10000,400.0,600.0,200.0,400.0,400.0,0.0,"[7d,2c,8h,6d,4d]",0.0
"[7d,2c,8h,6d,4d]",1,,,CNN_6,0.677727,0,3,5,FOLD,600.0,0,0.0,200.0,01,100001,200.0,0.0,0.0,0.0,0,0,"[4s,2s,9c,3h,7s]",1.0
"[7h,6s,3h,8h,Qh]",3,,,CNN_45,0.3,0,0,0,pos_BB,0.0,100,0.0,0.0,,,800.0,1600.0,800.0,800.0,0.0,800.0,"[7c,5s,8d,7s,6h]",1.0
"[7c,5s,8d,7s,6h]",3,,,CNN_6,0.3,1,0,0,pos_SB,100.0,50,2.0,0.0,,,800.0,0.0,800.0,-800.0,-50,-750.0,"[7h,6s,3h,8h,Qh]",0.0
"[7c,5s,8d,7s,6h]",3,,,CNN_6,0.421026,1,0,0,call_small,150.0,50.0,3.0,50.0,,,800.0,0.0,750.0,-750.0,-50.0,-700.0,"[7h,6s,3h,8h,Qh]",0.0
"[7h,6s,3h,8h,Qh]",3,,,CNN_45,0.505174,0,0,0,raise_small,200.0,100.0,2.0,100.0,0,0,800.0,1600.0,700.0,900.0,200.0,700.0,"[7c,5s,8d,7s,6h]",1.0
"[7c,5s,8d,7s,6h]",3,,,CNN_6,0.421026,1,0,0,call_small,300.0,100.0,3.0,100.0,01,01,800.0,0.0,700.0,-700.0,-100.0,-600.0,"[7h,6s,3h,8h,Qh]",0.0
"[7h,6s,3h,8h,Qh]",3,"[7h,6s,3h,8h]","[7h,6s,3h,8h,3d]",CNN_45,0.505174,0,0,0,draw,400.0,0,0.0,200.0,,010,800.0,1600.0,600.0,1000.0,400.0,600.0,"[7c,5s,8d,7s,6h]",1.0
"[7c,5s,8d,7s,6h]",3,"[5s,8d,7s,6h]","[5s,8d,7s,6h,9h]",CNN_6,0.421026,1,0,0,draw,400.0,0,0.0,200.0,,010,800.0,0.0,600.0,-600.0,0,-600.0,"[7h,6s,3h,8h,3d]",0.0
"[7h,6s,3h,8h,3d]",2,,,CNN_45,0.408152,0,4,4,bet_small,400.0,100.0,4.0,200.0,,010,800.0,1600.0,600.0,1000.0,400.0,600.0,"[5s,8d,7s,6h,9h]",1.0
"[5s,8d,7s,6h,9h]",2,,,CNN_6,0.319702,1,4,4,raise_small,500.0,200.0,2.5,200.0,1,0101,800.0,0.0,600.0,-600.0,-200.0,-400.0,"[7h,6s,3h,8h,3d]",0.0
"[7h,6s,3h,8h,3d]",2,,,CNN_45,0.408152,0,4,4,call_small,700.0,100.0,7.0,300.0,11,01011,800.0,1600.0,500.0,1100.0,700.0,400.0,"[5s,8d,7s,6h,9h]",1.0
"[7h,6s,3h,8h,3d]",2,"[7h,6s,8h,3d]","[7h,6s,8h,3d,2c]",CNN_45,0.408152,0,0,0,draw,800.0,0,0.0,400.0,,010110,800.0,1600.0,400.0,1200.0,800.0,400.0,"[5s,8d,7s,6h,9h]",1.0
"[5s,8d,7s,6h,9h]",2,"[5s,8d,7s,6h,9h]","[5s,8d,7s,6h,9h]",CNN_6,0.130683,1,0,0,draw,800.0,0,0.0,400.0,,010110,800.0,0.0,400.0,-400.0,0,-400.0,"[7h,6s,8h,3d,2c]",0.0
"[7h,6s,8h,3d,2c]",1,,,CNN_45,0.753828,0,4,5,bet_big,800.0,200.0,4.0,400.0,,010110,800.0,1600.0,400.0,1200.0,800.0,400.0,"[5s,8d,7s,6h,9h]",1.0
"[5s,8d,7s,6h,9h]",1,,,CNN_6,0.225593,1,5,4,call_big,1000.0,200.0,5.0,400.0,1,0101101,800.0,0.0,400.0,-400.0,-200.0,-200.0,"[7h,6s,8h,3d,2c]",0.0
"[7h,6s,8h,3d,2c]",1,"[6s,8h,3d,2c]","[6s,8h,3d,2c,Ac]",CNN_45,0.327995,0,0,0,draw,1200.0,0,0.0,600.0,,01011010,800.0,1600.0,200.0,1400.0,1200.0,200.0,"[5s,8d,7s,6h,9h]",1.0
"[5s,8d,7s,6h,9h]",1,[5s],"[5s,5h,Jd,Kc,Ks]",CNN_6,0.107504,1,0,0,draw,1200.0,0,0.0,600.0,,01011010,800.0,0.0,200.0,-200.0,0,-200.0,"[6s,8h,3d,2c,Ac]",0.0
"[6s,8h,3d,2c,Ac]",0,,,CNN_45,0.100948,0,4,1,bet_big,1200.0,200.0,6.0,600.0,,01011010,800.0,1600.0,200.0,1400.0,1200.0,200.0,"[5s,5h,Jd,Kc,Ks]",1.0
"[5s,5h,Jd,Kc,Ks]",0,,,CNN_6,0.0754791,1,1,4,call_big,1400.0,200.0,7.0,600.0,1,010110101,800.0,0.0,200.0,-200.0,-200.0,0.0,"[6s,8h,3d,2c,Ac]",0.0
"[5d,6h,8c,2c,9h]",3,,,CNN_6,0.3,0,0,0,pos_BB,0.0,100,0.0,0.0,,,300.0,0.0,300.0,-300.0,-100,-200.0,"[7d,Jh,Td,6c,6d]",1.0
"[7d,Jh,Td,6c,6d]",3,,,CNN_45,0.3,1,0,0,pos_SB,100.0,50,2.0,0.0,,,500.0,800.0,500.0,300.0,100.0,200.0,"[5d,6h,8c,2c,9h]",0.0
"[7d,Jh,Td,6c,6d]",3,,,CNN_45,0.334064,1,0,0,raise_small,150.0,150.0,1.0,50.0,,,500.0,800.0,450.0,350.0,150.0,200.0,"[5d,6h,8c,2c,9h]",0.0
"[5d,6h,8c,2c,9h]",3,,,CNN_6,0.550149,0,0,0,call_small,300.0,100.0,3.0,100.0,1,1,300.0,0.0,200.0,-200.0,-100.0,-100.0,"[7d,Jh,Td,6c,6d]",1.0
"[5d,6h,8c,2c,9h]",3,[2c],"[2c,8h,7s,Js,Th]",CNN_6,0.285302,0,0,0,draw,400.0,0,0.0,200.0,,10,300.0,0.0,100.0,-100.0,0,-100.0,"[7d,Jh,Td,6c,6d]",1.0
"[7d,Jh,Td,6c,6d]",3,"[7d,6d]","[7d,6d,2s,3h,4s]",CNN_45,0.334064,1,0,0,draw,400.0,0,0.0,200.0,,10,500.0,800.0,300.0,500.0,400.0,100.0,"[2c,8h,7s,Js,Th]",0.0
"[2c,8h,7s,Js,Th]",2,,,CNN_6,0.304262,0,1,2,bet_small,400.0,100.0,4.0,200.0,,10,300.0,0.0,100.0,-100.0,-100.0,0.0,"[7d,6d,2s,3h,4s]",0.0
"[7d,6d,2s,3h,4s]",2,,,CNN_45,0.928,1,2,1,call_small,500.0,100.0,5.0,200.0,1,101,500.0,800.0,300.0,500.0,500.0,0.0,"[2c,8h,7s,Js,Th]",1.0
"[2c,8h,7s,Js,Th]",2,"[2c,8h,7s]","[2c,8h,7s,Jc,Qs]",CNN_6,0.304262,0,0,0,draw,600.0,0,0.0,300.0,,1010,300.0,0.0,0.0,0.0,0,0,"[7d,6d,2s,3h,4s]",0.0
"[7d,6d,2s,3h,4s]",2,"[7d,6d,2s,3h,4s]","[7d,6d,2s,3h,4s]",CNN_45,0.928,1,0,0,draw,600.0,0,0.0,300.0,,1010,500.0,800.0,200.0,600.0,600.0,0.0,"[2c,8h,7s,Jc,Qs]",1.0
"[2c,8h,7s,Jc,Qs]",1,,,CNN_6,0.163673,0,3,5,check,600.0,0,0.0,300.0,,1010,300.0,0.0,0.0,0.0,0,0,"[7d,6d,2s,3h,4s]",0.0
"[7d,6d,2s,3h,4s]",1,,,CNN_45,0.914769,1,5,3,bet_big,600.0,200.0,3.0,300.0,0,10100,500.0,800.0,200.0,600.0,600.0,0.0,"[2c,8h,7s,Jc,Qs]",1.0
"[2c,8h,7s,Jc,Qs]",1,,,CNN_6,0.163673,0,3,5,FOLD,800.0,0,0.0,300.0,01,101001,300.0,0.0,0.0,0.0,0,0,"[7d,6d,2s,3h,4s]",0.0
"[3h,4h,Qc,Ts,4s]",3,,,CNN_45,0.3,0,0,0,pos_BB,0.0,100,0.0,0.0,,,900.0,0.0,900.0,-900.0,-100,-800.0,"[Js,8c,8d,Ad,7c]",1.0
"[Js,8c,8d,Ad,7c]",3,,,CNN_6,0.3,1,0,0,pos_SB,100.0,50,2.0,0.0,,,900.0,1800.0,900.0,900.0,100.0,800.0,"[3h,4h,Qc,Ts,4s]",0.0
"[Js,8c,8d,Ad,7c]",3,,,CNN_6,0.331268,1,0,0,call_small,150.0,50.0,3.0,50.0,,,900.0,1800.0,850.0,950.0,150.0,800.0,"[3h,4h,Qc,Ts,4s]",0.0
"[3h,4h,Qc,Ts,4s]",3,,,CNN_45,0.377485,0,0,0,check,200.0,0,0.0,100.0,0,0,900.0,0.0,800.0,-800.0,0,-800.0,"[Js,8c,8d,Ad,7c]",1.0
"[3h,4h,Qc,Ts,4s]",3,"[3h,4s]","[3h,4s,9s,7s,9d]",CNN_45,0.377485,0,0,0,draw,200.0,0,0.0,100.0,,00,900.0,0.0,800.0,-800.0,0,-800.0,"[Js,8c,8d,Ad,7c]",1.0
"[Js,8c,8d,Ad,7c]",3,"[8d,7c]","[8d,7c,3s,2d,9c]",CNN_6,0.331268,1,0,0,draw,200.0,0,0.0,100.0,,00,900.0,1800.0,800.0,1000.0,200.0,800.0,"[3h,4s,9s,7s,9d]",1.0
"[3h,4s,9s,7s,9d]",2,,,CNN_45,0.36282,0,2,2,check,200.0,0,0.0,100.0,,00,900.0,0.0,800.0,-800.0,0,-800.0,"[8d,7c,3s,2d,9c]",0.0
"[8d,7c,3s,2d,9c]",2,,,CNN_6,0.479927,1,2,2,bet_small,200.0,100.0,2.0,100.0,0,000,900.0,1800.0,800.0,1000.0,200.0,800.0,"[3h,4s,9s,7s,9d]",1.0
"[3h,4s,9s,7s,9d]",2,,,CNN_45,0.36282,0,2,2,raise_small,300.0,200.0,1.5,100.0,01,0001,900.0,0.0,800.0,-800.0,-200.0,-600.0,"[8d,7c,3s,2d,9c]",0.0
"[8d,7c,3s,2d,9c]",2,,,CNN_6,0.479927,1,2,2,call_small,500.0,100.0,5.0,200.0,011,00011,900.0,1800.0,700.0,1100.0,500.0,600.0,"[3h,4s,9s,7s,9d]",1.0
"[3h,4s,9s,7s,9d]",2,"[3h,4s,9s,7s]","[3h,4s,9s,7s,2c]",CNN_45,0.36282,0,0,0,draw,600.0,0,0.0,300.0,,000110,900.0,0.0,600.0,-600.0,0,-600.0,"[8d,7c,3s,2d,9c]",0.0
"[8d,7c,3s,2d,9c]",2,"[8d,7c,3s,2d]","[8d,7c,3s,2d,6h]",CNN_6,0.479927,1,0,0,draw,600.0,0,0.0,300.0,,000110,900.0,1800.0,600.0,1200.0,600.0,600.0,"[3h,4s,9s,7s,2c]",0.0
"[3h,4s,9s,7s,2c]",1,,,CNN_45,0.627304,0,4,4,check,600.0,0,0.0,300.0,,000110,900.0,0.0,600.0,-600.0,0,-600.0,"[8d,7c,3s,2d,6h]",0.0
"[8d,7c,3s,2d,6h]",1,,,CNN_6,0.741193,1,4,4,bet_big,600.0,200.0,3.0,300.0,0,0001100,900.0,1800.0,600.0,1200.0,600.0,600.0,"[3h,4s,9s,7s,2c]",1.0
"[3h,4s,9s,7s,2c]",1,,,CNN_45,0.627304,0,4,4,raise_big,800.0,400.0,2.0,300.0,01,00011001,900.0,0.0,600.0,-600.0,-400.0,-200.0,"[8d,7c,3s,2d,6h]",0.0
"[8d,7c,3s,2d,6h]",1,,,CNN_6,0.741193,1,4,4,call_big,1200.0,200.0,6.0,500.0,011,000110011,900.0,1800.0,400.0,1400.0,1200.0,200.0,"[3h,4s,9s,7s,2c]",1.0
"[3h,4s,9s,7s,2c]",1,"[3h,4s,9s,7s,2c]","[3h,4s,9s,7s,2c]",CNN_45,0.627304,0,0,0,draw,1400.0,0,0.0,700.0,,0001100110,900.0,0.0,200.0,-200.0,0,-200.0,"[8d,7c,3s,2d,6h]",0.0
"[8d,7c,3s,2d,6h]",1,"[8d,7c,3s,2d,6h]","[8d,7c,3s,2d,6h]",CNN_6,0.741193,1,0,0,draw,1400.0,0,0.0,700.0,,0001100110,900.0,1800.0,200.0,1600.0,1400.0,200.0,"[3h,4s,9s,7s,2c]",1.0
"[3h,4s,9s,7s,2c]",0,,,CNN_45,0.627304,0,5,5,check,1400.0,0,0.0,700.0,,0001100110,900.0,0.0,200.0,-200.0,0,-200.0,"[8d,7c,3s,2d,6h]",0.0
"[8d,7c,3s,2d,6h]",0,,,CNN_6,0.741193,1,5,5,bet_big,1400.0,200.0,7.0,700.0,0,00011001100,900.0,1800.0,200.0,1600.0,1400.0,200.0,"[3h,4s,9s,7s,2c]",1.0
"[3h,4s,9s,7s,2c]",0,,,CNN_45,0.627304,0,5,5,call_big,1600.0,200.0,8.0,700.0,01,000110011001,900.0,0.0,200.0,-200.0,-200.0,0.0,"[8d,7c,3s,2d,6h]",0.0
"[4c,Js,7h,9d,Kc]",3,,,CNN_6,0.3,0,0,0,pos_BB,0.0,100,0.0,0.0,,,500.0,0.0,500.0,-500.0,-100,-400.0,"[Kd,2d,4h,Qc,5s]",1.0
"[Kd,2d,4h,Qc,5s]",3,,,CNN_45,0.3,1,0,0,pos_SB,100.0,50,2.0,0.0,,,500.0,1000.0,500.0,500.0,100.0,400.0,"[4c,Js,7h,9d,Kc]",0.0
"[Kd,2d,4h,Qc,5s]",3,,,CNN_45,0.480511,1,0,0,raise_small,150.0,150.0,1.0,50.0,,,500.0,1000.0,450.0,550.0,150.0,400.0,"[4c,Js,7h,9d,Kc]",0.0
"[4c,Js,7h,9d,Kc]",3,,,CNN_6,0.381646,0,0,0,call_small,300.0,100.0,3.0,100.0,1,1,500.0,0.0,400.0,-400.0,-100.0,-300.0,"[Kd,2d,4h,Qc,5s]",1.0
"[4c,Js,7h,9d,Kc]",3,"[4c,7h,9d]","[4c,7h,9d,Tc,Ad]",CNN_6,0.381646,0,0,0,draw,400.0,0,0.0,200.0,,10,500.0,0.0,300.0,-300.0,0,-300.0,"[Kd,2d,4h,Qc,5s]",1.0
"[Kd,2d,4h,Qc,5s]",3,"[2d,4h,5s]","[2d,4h,5s,3c,Td]",CNN_45,0.480511,1,0,0,draw,400.0,0,0.0,200.0,,10,500.0,1000.0,300.0,700.0,400.0,300.0,"[4c,7h,9d,Tc,Ad]",1.0
"[4c,7h,9d,Tc,Ad]",2,,,CNN_6,0.261684,0,3,3,bet_small,400.0,100.0,4.0,200.0,,10,500.0,0.0,300.0,-300.0,-100.0,-200.0,"[2d,4h,5s,3c,Td]",0.0
"[2d,4h,5s,3c,Td]",2,,,CNN_45,0.493459,1,3,3,call_small,500.0,100.0,5.0,200.0,1,101,500.0,1000.0,300.0,700.0,500.0,200.0,"[4c,7h,9d,Tc,Ad]",1.0
"[4c,7h,9d,Tc,Ad]",2,"[4c,7h,9d]","[4c,7h,9d,6h,As]",CNN_6,0.261684,0,0,0,draw,600.0,0,0.0,300.0,,1010,500.0,0.0,200.0,-200.0,0,-200.0,"[2d,4h,5s,3c,Td]",0.0
"[2d,4h,5s,3c,Td]",2,"[2d,4h,5s,3c]","[2d,4h,5s,3c,9s]",CNN_45,0.493459,1,0,0,draw,600.0,0,0.0,300.0,,1010,500.0,1000.0,200.0,800.0,600.0,200.0,"[4c,7h,9d,6h,As]",1.0
"[4c,7h,9d,6h,As]",1,,,CNN_6,0.228569,0,3,4,check,600.0,0,0.0,300.0,,1010,500.0,0.0,200.0,-200.0,0,-200.0,"[2d,4h,5s,3c,9s]",0.0
"[2d,4h,5s,3c,9s]",1,,,CNN_45,0.724029,1,4,3,bet_big,600.0,200.0,3.0,300.0,0,10100,500.0,1000.0,200.0,800.0,600.0,200.0,"[4c,7h,9d,6h,As]",1.0
"[4c,7h,9d,6h,As]",1,,,CNN_6,0.228569,0,3,4,call_big,800.0,200.0,4.0,300.0,01,101001,500.0,0.0,200.0,-200.0,-200.0,0.0,"[2d,4h,5s,3c,9s]",0.0
"[4c,7h,9d,6h,As]",1,"[4c,6h]","[4c,6h,8s,4s,Qd]",CNN_6,0.130653,0,0,0,draw,1000.0,0,0.0,500.0,,1010010,500.0,0.0,0.0,0.0,0,0,"[2d,4h,5s,3c,9s]",0.0
"[2d,4h,5s,3c,9s]",1,"[2d,4h,5s,3c]","[2d,4h,5s,3c,2s]",CNN_45,0.334296,1,0,0,draw,1000.0,0,0.0,500.0,,1010010,500.0,1000.0,0.0,1000.0,1000.0,0.0,"[4c,6h,8s,4s,Qd]",1.0
"[4c,6h,8s,4s,Qd]",0,,,CNN_6,0.0744999,0,2,4,check,1000.0,0,0.0,500.0,,1010010,500.0,0.0,0.0,0.0,0,0,"[2d,4h,5s,3c,2s]",0.0
"[2d,4h,5s,3c,2s]",0,,,CNN_45,0.0771842,1,4,2,check,1000.0,0,0.0,500.0,0,10100100,500.0,1000.0,0.0,1000.0,1000.0,0.0,"[4c,6h,8s,4s,Qd]",1.0
"[9h,7c,Jd,5h,9s]",3,,,CNN_45,0.3,0,0,0,pos_BB,0.0,100,0.0,0.0,,,200.0,0.0,200.0,-200.0,-100,-100.0,"[6d,Qs,7h,5d,3c]",0.0
"[6d,Qs,7h,5d,3c]",3,,,CNN_6,0.3,1,0,0,pos_SB,100.0,50,2.0,0.0,,,300.0,500.0,300.0,200.0,100.0,100.0,"[9h,7c,Jd,5h,9s]",1.0
"[6d,Qs,7h,5d,3c]",3,,,CNN_6,0.537328,1,0,0,call_small,150.0,50.0,3.0,50.0,,,300.0,500.0,250.0,250.0,150.0,100.0,"[9h,7c,Jd,5h,9s]",1.0
"[9h,7c,Jd,5h,9s]",3,,,CNN_45,0.354279,0,0,0,raise_small,200.0,100.0,2.0,100.0,0,0,200.0,0.0,100.0,-100.0,-100.0,0.0,"[6d,Qs,7h,5d,3c]",0.0
"[6d,Qs,7h,5d,3c]",3,,,CNN_6,0.537328,1,0,0,call_small,300.0,100.0,3.0,100.0,01,01,300.0,500.0,200.0,300.0,300.0,0.0,"[9h,7c,Jd,5h,9s]",1.0
"[9h,7c,Jd,5h,9s]",3,"[9h,7c,5h]","[9h,7c,5h,Ts,8h]",CNN_45,0.354279,0,0,0,draw,400.0,0,0.0,200.0,,010,200.0,0.0,0.0,0.0,0,0,"[6d,Qs,7h,5d,3c]",0.0
"[6d,Qs,7h,5d,3c]",3,"[6d,7h,5d,3c]","[6d,7h,5d,3c,Tc]",CNN_6,0.537328,1,0,0,draw,400.0,0,0.0,200.0,,010,300.0,500.0,100.0,400.0,400.0,0.0,"[9h,7c,5h,Ts,8h]",0.0
"[9h,7c,5h,Ts,8h]",2,,,CNN_45,0.280022,0,3,4,check,400.0,0,0.0,200.0,,010,200.0,0.0,0.0,0.0,0,0,"[6d,7h,5d,3c,Tc]",0.0
"[6d,7h,5d,3c,Tc]",2,,,CNN_6,0.444552,1,4,3,bet_small,400.0,100.0,4.0,200.0,0,0100,300.0,500.0,100.0,400.0,400.0,0.0,"[9h,7c,5h,Ts,8h]",1.0
"[9h,7c,5h,Ts,8h]",2,,,CNN_45,0.280022,0,3,4,FOLD,500.0,0,0.0,200.0,01,01001,200.0,0.0,0.0,0.0,0,0,"[6d,7h,5d,3c,Tc]",0.0
"[Th,2d,Qc,Ad,Jh]",3,,,CNN_6,0.3,0,0,0,pos_BB,0.0,100,0.0,0.0,,,400.0,0.0,400.0,-400.0,-100,-300.0,"[3h,Ts,4c,2s,2h]",1.0
"[3h,Ts,4c,2s,2h]",3,,,CNN_45,0.3,1,0,0,pos_SB,100.0,50,2.0,0.0,,,500.0,900.0,500.0,400.0,100.0,300.0,"[Th,2d,Qc,Ad,Jh]",0.0
"[3h,Ts,4c,2s,2h]",3,,,CNN_45,0.45767,1,0,0,raise_small,150.0,150.0,1.0,50.0,,,500.0,900.0,450.0,450.0,150.0,300.0,"[Th,2d,Qc,Ad,Jh]",0.0
"[Th,2d,Qc,Ad,Jh]",3,,,CNN_6,0.335411,0,0,0,raise_small,300.0,200.0,1.5,100.0,1,1,400.0,0.0,300.0,-300.0,-200.0,-100.0,"[3h,Ts,4c,2s,2h]",1.0
"[3h,Ts,4c,2s,2h]",3,,,CNN_45,0.45767,1,0,0,raise_small,500.0,200.0,2.5,200.0,11,11,500.0,900.0,300.0,600.0,500.0,100.0,"[Th,2d,Qc,Ad,Jh]",0.0
"[Th,2d,Qc,Ad,Jh]",3,,,CNN_6,0.335411,0,0,0,call_small,700.0,100.0,7.0,300.0,111,111,400.0,0.0,100.0,-100.0,-100.0,0.0,"[3h,Ts,4c,2s,2h]",1.0
"[Th,2d,Qc,Ad,Jh]",3,[2d],"[2d,Qh,Js,6s,6d]",CNN_6,0.335411,0,0,0,draw,800.0,0,0.0,400.0,,1110,400.0,0.0,0.0,0.0,0,0,"[3h,Ts,4c,2s,2h]",1.0
"[3h,Ts,4c,2s,2h]",3,"[3h,4c,2s]","[3h,4c,2s,9c,Kd]",CNN_45,0.45767,1,0,0,draw,800.0,0,0.0,400.0,,1110,500.0,900.0,100.0,800.0,800.0,0.0,"[2d,Qh,Js,6s,6d]",1.0
"[2d,Qh,Js,6s,6d]",2,,,CNN_6,0.298688,0,1,3,check,800.0,0,0.0,400.0,,1110,400.0,0.0,0.0,0.0,0,0,"[3h,4c,2s,9c,Kd]",0.0
"[3h,4c,2s,9c,Kd]",2,,,CNN_45,0.405844,1,3,1,bet_small,800.0,100.0,8.0,400.0,0,11100,500.0,900.0,100.0,800.0,800.0,0.0,"[2d,Qh,Js,6s,6d]",1.0
"[2d,Qh,Js,6s,6d]",2,,,CNN_6,0.298688,0,1,3,FOLD,900.0,0,0.0,400.0,01,111001,400.0,0.0,0.0,0.0,0,0,"[3h,4c,2s,9c,Kd]",0.0
"[2d,2s,9s,3s,Ac]",3,,,CNN_45,0.3,0,0,0,pos_BB,0.0,100,0.0,0.0,,,100.0,0.0,100.0,-100.0,-100,0.0,"[4s,3d,Qc,9h,8d]",0.0
"[4s,3d,Qc,9h,8d]",3,,,CNN_6,0.3,1,0,0,pos_SB,100.0,50,2.0,0.0,,,200.0,300.0,200.0,100.0,100.0,0.0,"[2d,2s,9s,3s,Ac]",1.0
"[4s,3d,Qc,9h,8d]",3,,,CNN_6,0.437826,1,0,0,call_small,150.0,50.0,3.0,50.0,,,200.0,300.0,150.0,150.0,150.0,0.0,"[2d,2s,9s,3s,Ac]",1.0
"[2d,2s,9s,3s,Ac]",3,,,CNN_45,0.40587,0,0,0,check,200.0,0,0.0,100.0,0,0,100.0,0.0,0.0,0.0,0,0,"[4s,3d,Qc,9h,8d]",0.0
"[2d,2s,9s,3s,Ac]",3,"[2s,9s,3s]","[2s,9s,3s,2c,2h]",CNN_45,0.40587,0,0,0,draw,200.0,0,0.0,100.0,,00,100.0,0.0,0.0,0.0,0,0,"[4s,3d,Qc,9h,8d]",0.0
"[4s,3d,Qc,9h,8d]",3,"[4s,3d,9h,8d]","[4s,3d,9h,8d,4h]",CNN_6,0.437826,1,0,0,draw,200.0,0,0.0,100.0,,00,200.0,300.0,100.0,200.0,200.0,0.0,"[2s,9s,3s,2c,2h]",1.0
"[2s,9s,3s,2c,2h]",2,,,CNN_45,0.263354,0,3,4,check,200.0,0,0.0,100.0,,00,100.0,0.0,0.0,0.0,0,0,"[4s,3d,9h,8d,4h]",0.0
"[4s,3d,9h,8d,4h]",2,,,CNN_6,0.32985,1,4,3,bet_small,200.0,100.0,2.0,100.0,0,000,200.0,300.0,100.0,200.0,200.0,0.0,"[2s,9s,3s,2c,2h]",1.0
"[2s,9s,3s,2c,2h]",2,,,CNN_45,0.263354,0,3,4,FOLD,300.0,0,0.0,100.0,01,0001,100.0,0.0,0.0,0.0,0,0,"[4s,3d,9h,8d,4h]",0.0
"[Qs,7c,6d,Ah,Th]",3,,,CNN_6,0.3,0,0,0,pos_BB,0.0,100,0.0,0.0,,,400.0,0.0,400.0,-400.0,-100,-300.0,"[Td,Qd,8c,6s,5s]",0.0
"[Td,Qd,8c,6s,5s]",3,,,CNN_45,0.3,1,0,0,pos_SB,100.0,50,2.0,0.0,,,600.0,1000.0,600.0,400.0,100.0,300.0,"[Qs,7c,6d,Ah,Th]",1.0
"[Td,Qd,8c,6s,5s]",3,,,CNN_45,0.399541,1,0,0,raise_small,150.0,150.0,1.0,50.0,,,600.0,1000.0,550.0,450.0,150.0,300.0,"[Qs,7c,6d,Ah,Th]",1.0
"[Qs,7c,6d,Ah,Th]",3,,,CNN_6,0.350139,0,0,0,call_small,300.0,100.0,3.0,100.0,1,1,400.0,0.0,300.0,-300.0,-100.0,-200.0,"[Td,Qd,8c,6s,5s]",0.0
"[Qs,7c,6d,Ah,Th]",3,"[7c,6d]","[7c,6d,3d,Jd,9h]",CNN_6,0.350139,0,0,0,draw,400.0,0,0.0,200.0,,10,400.0,0.0,200.0,-200.0,0,-200.0,"[Td,Qd,8c,6s,5s]",0.0
"[Td,Qd,8c,6s,5s]",3,"[8c,6s,5s]","[8c,6s,5s,4h,7h]",CNN_45,0.399541,1,0,0,draw,400.0,0,0.0,200.0,,10,600.0,1000.0,400.0,600.0,400.0,200.0,"[7c,6d,3d,Jd,9h]",0.0
"[7c,6d,3d,Jd,9h]",2,,,CNN_6,0.347187,0,2,3,bet_small,400.0,100.0,4.0,200.0,,10,400.0,0.0,200.0,-200.0,-100.0,-100.0,"[8c,6s,5s,4h,7h]",1.0
"[8c,6s,5s,4h,7h]",2,,,CNN_45,0.400272,1,3,2,raise_small,500.0,200.0,2.5,200.0,1,101,600.0,1000.0,400.0,600.0,500.0,100.0,"[7c,6d,3d,Jd,9h]",0.0
"[7c,6d,3d,Jd,9h]",2,,,CNN_6,0.347187,0,2,3,call_small,700.0,100.0,7.0,300.0,11,1011,400.0,0.0,100.0,-100.0,-100.0,0.0,"[8c,6s,5s,4h,7h]",1.0
"[7c,6d,3d,Jd,9h]",2,"[7c,6d,3d,9h]","[7c,6d,3d,9h,7s]",CNN_6,0.347187,0,0,0,draw,800.0,0,0.0,400.0,,10110,400.0,0.0,0.0,0.0,0,0,"[8c,6s,5s,4h,7h]",1.0
"[8c,6s,5s,4h,7h]",2,"[8c,6s,5s,4h,7h]","[8c,6s,5s,4h,7h]",CNN_45,0.306722,1,0,0,draw,800.0,0,0.0,400.0,,10110,600.0,1000.0,200.0,800.0,800.0,0.0,"[7c,6d,3d,9h,7s]",0.0
"[7c,6d,3d,9h,7s]",1,,,CNN_6,0.264434,0,4,5,check,800.0,0,0.0,400.0,,10110,400.0,0.0,0.0,0.0,0,0,"[8c,6s,5s,4h,7h]",1.0
"[8c,6s,5s,4h,7h]",1,,,CNN_45,0.27419,1,5,4,bet_big,800.0,200.0,4.0,400.0,0,101100,600.0,1000.0,200.0,800.0,800.0,0.0,"[7c,6d,3d,9h,7s]",0.0
"[7c,6d,3d,9h,7s]",1,,,CNN_6,0.264434,0,4,5,FOLD,1000.0,0,0.0,400.0,01,1011001,400.0,0.0,0.0,0.0,0,0,"[8c,6s,5s,4h,7h]",1.0
"[3h,9c,8d,Qh,Ad]",3,,,CNN_45,0.3,0,0,0,pos_BB,0.0,100,0.0,0.0,,,900.0,1600.0,900.0,700.0,0.0,700.0,"[8s,As,Qs,2h,Jc]",1.0
"[8s,As,Qs,2h,Jc]",3,,,CNN_6,0.3,1,0,0,pos_SB,100.0,50,2.0,0.0,,,700.0,0.0,700.0,-700.0,-50,-650.0,"[3h,9c,8d,Qh,Ad]",0.0
"[8s,As,Qs,2h,Jc]",3,,,CNN_6,0.380154,1,0,0,raise_small,150.0,150.0,1.0,50.0,,,700.0,0.0,650.0,-650.0,-150.0,-500.0,"[3h,9c,8d,Qh,Ad]",0.0
"[3h,9c,8d,Qh,Ad]",3,,,CNN_45,0.370134,0,0,0,raise_small,300.0,200.0,1.5,100.0,1,1,900.0,1600.0,800.0,800.0,300.0,500.0,"[8s,As,Qs,2h,Jc]",1.0
"[8s,As,Qs,2h,Jc]",3,,,CNN_6,0.380154,1,0,0,call_small,500.0,100.0,5.0,200.0,11,11,700.0,0.0,500.0,-500.0,-100.0,-400.0,"[3h,9c,8d,Qh,Ad]",0.0
"[3h,9c,8d,Qh,Ad]",3,"[3h,9c,8d]","[3h,9c,8d,2c,Ah]",CNN_45,0.370134,0,0,0,draw,600.0,0,0.0,300.0,,110,900.0,1600.0,600.0,1000.0,600.0,400.0,"[8s,As,Qs,2h,Jc]",1.0
"[8s,As,Qs,2h,Jc]",3,"[8s,2h]","[8s,2h,4s,Kc,4c]",CNN_6,0.380154,1,0,0,draw,600.0,0,0.0,300.0,,110,700.0,0.0,400.0,-400.0,0,-400.0,"[3h,9c,8d,2c,Ah]",0.0
"[3h,9c,8d,2c,Ah]",2,,,CNN_45,0.367002,0,3,2,bet_small,600.0,100.0,6.0,300.0,,110,900.0,1600.0,600.0,1000.0,600.0,400.0,"[8s,2h,4s,Kc,4c]",1.0
"[8s,2h,4s,Kc,4c]",2,,,CNN_6,0.326489,1,2,3,raise_small,700.0,200.0,3.5,300.0,1,1101,700.0,0.0,400.0,-400.0,-200.0,-200.0,"[3h,9c,8d,2c,Ah]",0.0
"[3h,9c,8d,2c,Ah]",2,,,CNN_45,0.367002,0,3,2,call_small,900.0,100.0,9.0,400.0,11,11011,900.0,1600.0,500.0,1100.0,900.0,200.0,"[8s,2h,4s,Kc,4c]",1.0
"[3h,9c,8d,2c,Ah]",2,"[3h,9c,8d,2c]","[3h,9c,8d,2c,7d]",CNN_45,0.367002,0,0,0,draw,1000.0,0,0.0,500.0,,110110,900.0,1600.0,400.0,1200.0,1000.0,200.0,"[8s,2h,4s,Kc,4c]",1.0
"[8s,2h,4s,Kc,4c]",2,"[8s,2h,4s]","[8s,2h,4s,4h,Qd]",CNN_6,0.326489,1,0,0,draw,1000.0,0,0.0,500.0,,110110,700.0,0.0,200.0,-200.0,0,-200.0,"[3h,9c,8d,2c,7d]",0.0
"[3h,9c,8d,2c,7d]",1,,,CNN_45,0.384932,0,4,3,bet_big,1000.0,200.0,5.0,500.0,,110110,900.0,1600.0,400.0,1200.0,1000.0,200.0,"[8s,2h,4s,4h,Qd]",1.0
"[8s,2h,4s,4h,Qd]",1,,,CNN_6,0.171657,1,3,4,call_big,1200.0,200.0,6.0,500.0,1,1101101,700.0,0.0,200.0,-200.0,-200.0,0.0,"[3h,9c,8d,2c,7d]",0.0
"[3h,9c,8d,2c,7d]",1,"[3h,9c,8d,2c,7d]","[3h,9c,8d,2c,7d]",CNN_45,0.384932,0,0,0,draw,1400.0,0,0.0,700.0,,11011010,900.0,1600.0,200.0,1400.0,1400.0,0.0,"[8s,2h,4s,4h,Qd]",1.0
"[8s,2h,4s,4h,Qd]",1,[4s],"[4s,7h,3s,Ts,5h]",CNN_6,0.119728,1,0,0,draw,1400.0,0,0.0,700.0,,11011010,700.0,0.0,0.0,0.0,0,0,"[3h,9c,8d,2c,7d]",0.0
"[3h,9c,8d,2c,7d]",0,,,CNN_45,0.384932,0,5,1,bet_big,1400.0,200.0,7.0,700.0,,11011010,900.0,1600.0,200.0,1400.0,1400.0,0.0,"[4s,7h,3s,Ts,5h]",1.0
"[4s,7h,3s,Ts,5h]",0,,,CNN_6,0.291476,1,1,5,FOLD,1600.0,0,0.0,700.0,1,110110101,700.0,0.0,0.0,0.0,0,0,"[3h,9c,8d,2c,7d]",0.0
"[Qd,2d,9c,8d,Kh]",3,,,CNN_6,0.3,0,0,0,pos_BB,0.0,100,0.0,0.0,,,300.0,0.0,300.0,-300.0,-100,-200.0,"[7c,5s,Tc,Kd,Th]",1.0
"[7c,5s,Tc,Kd,Th]",3,,,CNN_45,0.3,1,0,0,pos_SB,100.0,50,2.0,0.0,,,500.0,800.0,500.0,300.0,100.0,200.0,"[Qd,2d,9c,8d,Kh]",0.0
"[7c,5s,Tc,Kd,Th]",3,,,CNN_45,0.354968,1,0,0,call_small,150.0,50.0,3.0,50.0,,,500.0,800.0,450.0,350.0,150.0,200.0,"[Qd,2d,9c,8d,Kh]",0.0
"[Qd,2d,9c,8d,Kh]",3,,,CNN_6,0.370676,0,0,0,raise_small,200.0,100.0,2.0,100.0,0,0,300.0,0.0,200.0,-200.0,-100.0,-100.0,"[7c,5s,Tc,Kd,Th]",1.0
"[7c,5s,Tc,Kd,Th]",3,,,CNN_45,0.354968,1,0,0,call_small,300.0,100.0,3.0,100.0,01,01,500.0,800.0,400.0,400.0,300.0,100.0,"[Qd,2d,9c,8d,Kh]",0.0
"[Qd,2d,9c,8d,Kh]",3,[2d],"[2d,6c,Jd,5h,7s]",CNN_6,0.324442,0,0,0,draw,400.0,0,0.0,200.0,,010,300.0,0.0,100.0,-100.0,0,-100.0,"[7c,5s,Tc,Kd,Th]",1.0
"[7c,5s,Tc,Kd,Th]",3,"[7c,5s]","[7c,5s,3s,8h,2c]",CNN_45,0.354968,1,0,0,draw,400.0,0,0.0,200.0,,010,500.0,800.0,300.0,500.0,400.0,100.0,"[2d,6c,Jd,5h,7s]",0.0
"[2d,6c,Jd,5h,7s]",2,,,CNN_6,0.484935,0,1,2,bet_small,400.0,100.0,4.0,200.0,,010,300.0,0.0,100.0,-100.0,-100.0,0.0,"[7c,5s,3s,8h,2c]",0.0
"[7c,5s,3s,8h,2c]",2,,,CNN_45,0.858244,1,2,1,call_small,500.0,100.0,5.0,200.0,1,0101,500.0,800.0,300.0,500.0,500.0,0.0,"[2d,6c,Jd,5h,7s]",1.0
"[2d,6c,Jd,5h,7s]",2,"[2d,6c,5h,7s]","[2d,6c,5h,7s,Ts]",CNN_6,0.484935,0,0,0,draw,600.0,0,0.0,300.0,,01010,300.0,0.0,0.0,0.0,0,0,"[7c,5s,3s,8h,2c]",0.0
"[7c,5s,3s,8h,2c]",2,"[7c,5s,3s,8h,2c]","[7c,5s,3s,8h,2c]",CNN_45,0.858244,1,0,0,draw,600.0,0,0.0,300.0,,01010,500.0,800.0,200.0,600.0,600.0,0.0,"[2d,6c,5h,7s,Ts]",1.0
"[2d,6c,5h,7s,Ts]",1,,,CNN_6,0.351842,0,4,5,check,600.0,0,0.0,300.0,,01010,300.0,0.0,0.0,0.0,0,0,"[7c,5s,3s,8h,2c]",0.0
"[7c,5s,3s,8h,2c]",1,,,CNN_45,0.845272,1,5,4,bet_big,600.0,200.0,3.0,300.0,0,010100,500.0,800.0,200.0,600.0,600.0,0.0,"[2d,6c,5h,7s,Ts]",1.0
"[2d,6c,5h,7s,Ts]",1,,,CNN_6,0.351842,0,4,5,FOLD,800.0,0,0.0,300.0,01,0101001,300.0,0.0,0.0,0.0,0,0,"[7c,5s,3s,8h,2c]",0.0
"[3c,Tc,Ad,Jc,Ac]",3,,,CNN_45,0.3,0,0,0,pos_BB,0.0,100,0.0,0.0,,,1000.0,1800.0,1000.0,800.0,0.0,800.0,"[Ts,3s,As,5d,Ah]",0.0
"[Ts,3s,As,5d,Ah]",3,,,CNN_6,0.3,1,0,0,pos_SB,100.0,50,2.0,0.0,,,800.0,0.0,800.0,-800.0,-50,-750.0,"[3c,Tc,Ad,Jc,Ac]",1.0
"[Ts,3s,As,5d,Ah]",3,,,CNN_6,0.375117,1,0,0,call_small,150.0,50.0,3.0,50.0,,,800.0,0.0,750.0,-750.0,-50.0,-700.0,"[3c,Tc,Ad,Jc,Ac]",1.0
"[3c,Tc,Ad,Jc,Ac]",3,,,CNN_45,0.333251,0,0,0,raise_small,200.0,100.0,2.0,100.0,0,0,1000.0,1800.0,900.0,900.0,200.0,700.0,"[Ts,3s,As,5d,Ah]",0.0
"[Ts,3s,As,5d,Ah]",3,,,CNN_6,0.375117,1,0,0,raise_small,300.0,200.0,1.5,100.0,01,01,800.0,0.0,700.0,-700.0,-200.0,-500.0,"[3c,Tc,Ad,Jc,Ac]",1.0
"[3c,Tc,Ad,Jc,Ac]",3,,,CNN_45,0.333251,0,0,0,raise_small,500.0,200.0,2.5,200.0,011,011,1000.0,1800.0,800.0,1000.0,500.0,500.0,"[Ts,3s,As,5d,Ah]",0.0
"[Ts,3s,As,5d,Ah]",3,,,CNN_6,0.375117,1,0,0,call_small,700.0,100.0,7.0,300.0,0111,0111,800.0,0.0,500.0,-500.0,-100.0,-400.0,"[3c,Tc,Ad,Jc,Ac]",1.0
"[3c,Tc,Ad,Jc,Ac]",3,[3c],"[3c,Qd,2c,4d,4c]",CNN_45,0.333251,0,0,0,draw,800.0,0,0.0,400.0,,01110,1000.0,1800.0,600.0,1200.0,800.0,400.0,"[Ts,3s,As,5d,Ah]",0.0
"[Ts,3s,As,5d,Ah]",3,"[3s,5d]","[3s,5d,4s,3d,8s]",CNN_6,0.375117,1,0,0,draw,800.0,0,0.0,400.0,,01110,800.0,0.0,400.0,-400.0,0,-400.0,"[3c,Qd,2c,4d,4c]",0.0
"[3c,Qd,2c,4d,4c]",2,,,CNN_45,0.354641,0,1,2,check,800.0,0,0.0,400.0,,01110,1000.0,1800.0,600.0,1200.0,800.0,400.0,"[3s,5d,4s,3d,8s]",0.0
"[3s,5d,4s,3d,8s]",2,,,CNN_6,0.455155,1,2,1,check,800.0,0,0.0,400.0,0,011100,800.0,0.0,400.0,-400.0,0,-400.0,"[3c,Qd,2c,4d,4c]",1.0
"[3c,Qd,2c,4d,4c]",2,"[3c,2c,4c]","[3c,2c,4c,2d,8c]",CNN_45,0.354641,0,0,0,draw,800.0,0,0.0,400.0,,0111000,1000.0,1800.0,600.0,1200.0,800.0,400.0,"[3s,5d,4s,3d,8s]",0.0
"[3s,5d,4s,3d,8s]",2,"[3s,5d,4s,8s]","[3s,5d,4s,8s,5s]",CNN_6,0.455155,1,0,0,draw,800.0,0,0.0,400.0,,0111000,800.0,0.0,400.0,-400.0,0,-400.0,"[3c,2c,4c,2d,8c]",0.0
"[3c,2c,4c,2d,8c]",1,,,CNN_45,0.285183,0,3,4,check,800.0,0,0.0,400.0,,0111000,1000.0,1800.0,600.0,1200.0,800.0,400.0,"[3s,5d,4s,8s,5s]",1.0
"[3s,5d,4s,8s,5s]",1,,,CNN_6,0.309326,1,4,3,bet_big,800.0,200.0,4.0,400.0,0,01110000,800.0,0.0,400.0,-400.0,-200.0,-200.0,"[3c,2c,4c,2d,8c]",0.0
"[3c,2c,4c,2d,8c]",1,,,CNN_45,0.285183,0,3,4,raise_big,1000.0,400.0,2.5,400.0,01,011100001,1000.0,1800.0,600.0,1200.0,1000.0,200.0,"[3s,5d,4s,8s,5s]",1.0
"[3s,5d,4s,8s,5s]",1,,,CNN_6,0.309326,1,4,3,call_big,1400.0,200.0,7.0,600.0,011,0111000011,800.0,0.0,200.0,-200.0,-200.0,0.0,"[3c,2c,4c,2d,8c]",0.0
"[3c,2c,4c,2d,8c]",1,"[3c,2c,4c,8c]","[3c,2c,4c,8c,5c]",CNN_45,0.285183,0,0,0,draw,1600.0,0,0.0,800.0,,01110000110,1000.0,1800.0,200.0,1600.0,1600.0,0.0,"[3s,5d,4s,8s,5s]",1.0
"[3s,5d,4s,8s,5s]",1,"[3s,5d,4s,8s,5s]","[3s,5d,4s,8s,5s]",CNN_6,0.0899357,1,0,0,draw,1600.0,0,0.0,800.0,,01110000110,800.0,0.0,0.0,0.0,0,0,"[3c,2c,4c,8c,5c]",1.0
"[3c,2c,4c,8c,5c]",0,,,CNN_45,0.90326,0,4,5,bet_big,1600.0,200.0,8.0,800.0,,01110000110,1000.0,1800.0,200.0,1600.0,1600.0,0.0,"[3s,5d,4s,8s,5s]",0.0
"[3s,5d,4s,8s,5s]",0,,,CNN_6,0.0899357,1,5,4,FOLD,1800.0,0,0.0,800.0,1,011100001101,800.0,0.0,0.0,0.0,0,0,"[3c,2c,4c,8c,5c]",1.0
"[Ts,9h,Jh,7h,Td]",3,,,CNN_6,0.3,0,0,0,pos_BB,0.0,100,0.0,0.0,,,100.0,0.0,100.0,-100.0,-100,0.0,"[6s,Kc,Ad,5s,4s]",0.0
"[6s,Kc,Ad,5s,4s]",3,,,CNN_45,0.3,1,0,0,pos_SB,100.0,50,2.0,0.0,,,200.0,300.0,200.0,100.0,100.0,0.0,"[Ts,9h,Jh,7h,Td]",1.0
"[6s,Kc,Ad,5s,4s]",3,,,CNN_45,0.427728,1,0,0,raise_small,150.0,150.0,1.0,50.0,,,200.0,300.0,150.0,150.0,150.0,0.0,"[Ts,9h,Jh,7h,Td]",1.0
"[Ts,9h,Jh,7h,Td]",3,,,CNN_6,0.318481,0,0,0,FOLD,300.0,0,0.0,100.0,1,1,100.0,0.0,0.0,0.0,0,0,"[6s,Kc,Ad,5s,4s]",0.0
"[Kc,As,Ah,Kd,Js]",3,,,CNN_45,0.3,0,0,0,pos_BB,0.0,100,0.0,0.0,,,400.0,0.0,400.0,-400.0,-100,-300.0,"[Qh,9c,Ks,3s,Jh]",0.0
"[Qh,9c,Ks,3s,Jh]",3,,,CNN_6,0.3,1,0,0,pos_SB,100.0,50,2.0,0.0,,,600.0,1000.0,600.0,400.0,100.0,300.0,"[Kc,As,Ah,Kd,Js]",1.0
"[Qh,9c,Ks,3s,Jh]",3,,,CNN_6,0.334828,1,0,0,call_small,150.0,50.0,3.0,50.0,,,600.0,1000.0,550.0,450.0,150.0,300.0,"[Kc,As,Ah,Kd,Js]",1.0
"[Kc,As,Ah,Kd,Js]",3,,,CNN_45,0.247247,0,0,0,check,200.0,0,0.0,100.0,0,0,400.0,0.0,300.0,-300.0,0,-300.0,"[Qh,9c,Ks,3s,Jh]",0.0
"[Kc,As,Ah,Kd,Js]",3,"[As,Kd]","[As,Kd,9d,4s,5c]",CNN_45,0.17297,0,0,0,draw,200.0,0,0.0,100.0,,00,400.0,0.0,300.0,-300.0,0,-300.0,"[Qh,9c,Ks,3s,Jh]",0.0
"[Qh,9c,Ks,3s,Jh]",3,"[9c,3s]","[9c,3s,8h,8d,4d]",CNN_6,0.334828,1,0,0,draw,200.0,0,0.0,100.0,,00,600.0,1000.0,500.0,500.0,200.0,300.0,"[As,Kd,9d,4s,5c]",1.0
"[As,Kd,9d,4s,5c]",2,,,CNN_45,0.283073,0,2,2,check,200.0,0,0.0,100.0,,00,400.0,0.0,300.0,-300.0,0,-300.0,"[9c,3s,8h,8d,4d]",1.0
"[9c,3s,8h,8d,4d]",2,,,CNN_6,0.333789,1,2,2,bet_small,200.0,100.0,2.0,100.0,0,000,600.0,1000.0,500.0,500.0,200.0,300.0,"[As,Kd,9d,4s,5c]",0.0
"[As,Kd,9d,4s,5c]",2,,,CNN_45,0.283073,0,2,2,call_small,300.0,100.0,3.0,100.0,01,0001,400.0,0.0,300.0,-300.0,-100.0,-200.0,"[9c,3s,8h,8d,4d]",1.0
"[As,Kd,9d,4s,5c]",2,"[9d,4s,5c]","[9d,4s,5c,3d,Qd]",CNN_45,0.283073,0,0,0,draw,400.0,0,0.0,200.0,,00010,400.0,0.0,200.0,-200.0,0,-200.0,"[9c,3s,8h,8d,4d]",1.0
"[9c,3s,8h,8d,4d]",2,"[9c,3s,8d,4d]","[9c,3s,8d,4d,3h]",CNN_6,0.333789,1,0,0,draw,400.0,0,0.0,200.0,,00010,600.0,1000.0,400.0,600.0,400.0,200.0,"[9d,4s,5c,3d,Qd]",0.0
"[9d,4s,5c,3d,Qd]",1,,,CNN_45,0.269831,0,3,4,check,400.0,0,0.0,200.0,,00010,400.0,0.0,200.0,-200.0,0,-200.0,"[9c,3s,8d,4d,3h]",1.0
"[9c,3s,8d,4d,3h]",1,,,CNN_6,0.24337,1,4,3,bet_big,400.0,200.0,2.0,200.0,0,000100,600.0,1000.0,400.0,600.0,400.0,200.0,"[9d,4s,5c,3d,Qd]",0.0
"[9d,4s,5c,3d,Qd]",1,,,CNN_45,0.269831,0,3,4,call_big,600.0,200.0,3.0,200.0,01,0001001,400.0,0.0,200.0,-200.0,-200.0,0.0,"[9c,3s,8d,4d,3h]",1.0
"[9d,4s,5c,3d,Qd]",1,"[4s,3d]","[4s,3d,6h,Ac,Jd]",CNN_45,0.132448,0,0,0,draw,800.0,0,0.0,400.0,,00010010,400.0,0.0,0.0,0.0,0,0,"[9c,3s,8d,4d,3h]",1.0
"[9c,3s,8d,4d,3h]",1,"[9c,3s,8d,4d,3h]","[9c,3s,8d,4d,3h]",CNN_6,0.075682,1,0,0,draw,800.0,0,0.0,400.0,,00010010,600.0,1000.0,200.0,800.0,800.0,0.0,"[4s,3d,6h,Ac,Jd]",0.0
"[4s,3d,6h,Ac,Jd]",0,,,CNN_45,0.0801159,0,2,5,check,800.0,0,0.0,400.0,,00010010,400.0,0.0,0.0,0.0,0,0,"[9c,3s,8d,4d,3h]",1.0
"[9c,3s,8d,4d,3h]",0,,,CNN_6,0.075682,1,5,2,bet_big,800.0,200.0,4.0,400.0,0,000100100,600.0,1000.0,200.0,800.0,800.0,0.0,"[4s,3d,6h,Ac,Jd]",0.0
"[4s,3d,6h,Ac,Jd]",0,,,CNN_45,0.0801159,0,2,5,FOLD,1000.0,0,0.0,400.0,01,0001001001,400.0,0.0,0.0,0.0,0,0,"[9c,3s,8d,4d,3h]",1.0
"[3h,3c,7h,8s,2c]",3,,,CNN_6,0.3,0,0,0,pos_BB,0.0,100,0.0,0.0,,,100.0,150.0,100.0,50.0,0.0,50.0,"[Qs,Kh,Jc,Th,Ah]",1.0
"[Qs,Kh,Jc,Th,Ah]",3,,,CNN_45,0.3,1,0,0,pos_SB,100.0,50,2.0,0.0,,,50.0,0.0,50.0,-50.0,-50,0.0,"[3h,3c,7h,8s,2c]",0.0
"[Qs,Kh,Jc,Th,Ah]",3,,,CNN_45,0.263641,1,0,0,FOLD,150.0,0,0.0,50.0,,,50.0,0.0,0.0,0.0,0,0,"[3h,3c,7h,8s,2c]",0.0
"[6h,2d,Kd,7d,3d]",3,,,CNN_45,0.3,0,0,0,pos_BB,0.0,100,0.0,0.0,,,1400.0,2800.0,1400.0,1400.0,0.0,1400.0,"[2h,4h,4c,7h,3s]",1.0
"[2h,4h,4c,7h,3s]",3,,,CNN_6,0.3,1,0,0,pos_SB,100.0,50,2.0,0.0,,,1400.0,0.0,1400.0,-1400.0,-50,-1350.0,"[6h,2d,Kd,7d,3d]",0.0
"[2h,4h,4c,7h,3s]",3,,,CNN_6,0.650322,1,0,0,call_small,150.0,50.0,3.0,50.0,,,1400.0,0.0,1350.0,-1350.0,-50.0,-1300.0,"[6h,2d,Kd,7d,3d]",0.0
"[6h,2d,Kd,7d,3d]",3,,,CNN_45,0.616856,0,0,0,raise_small,200.0,100.0,2.0,100.0,0,0,1400.0,2800.0,1300.0,1500.0,200.0,1300.0,"[2h,4h,4c,7h,3s]",1.0
"[2h,4h,4c,7h,3s]",3,,,CNN_6,0.650322,1,0,0,call_small,300.0,100.0,3.0,100.0,01,01,1400.0,0.0,1300.0,-1300.0,-100.0,-1200.0,"[6h,2d,Kd,7d,3d]",0.0
"[6h,2d,Kd,7d,3d]",3,"[6h,2d,7d,3d]","[6h,2d,7d,3d,7s]",CNN_45,0.616856,0,0,0,draw,400.0,0,0.0,200.0,,010,1400.0,2800.0,1200.0,1600.0,400.0,1200.0,"[2h,4h,4c,7h,3s]",1.0
"[2h,4h,4c,7h,3s]",3,"[2h,4c,7h,3s]","[2h,4c,7h,3s,2c]",CNN_6,0.650322,1,0,0,draw,400.0,0,0.0,200.0,,010,1400.0,0.0,1200.0,-1200.0,0,-1200.0,"[6h,2d,7d,3d,7s]",1.0
"[6h,2d,7d,3d,7s]",2,,,CNN_45,0.505355,0,4,4,check,400.0,0,0.0,200.0,,010,1400.0,2800.0,1200.0,1600.0,400.0,1200.0,"[2h,4c,7h,3s,2c]",0.0
"[2h,4c,7h,3s,2c]",2,,,CNN_6,0.518578,1,4,4,check,400.0,0,0.0,200.0,0,0100,1400.0,0.0,1200.0,-1200.0,0,-1200.0,"[6h,2d,7d,3d,7s]",1.0
"[6h,2d,7d,3d,7s]",2,"[6h,2d,3d,7s]","[6h,2d,3d,7s,3h]",CNN_45,0.505355,0,0,0,draw,400.0,0,0.0,200.0,,01000,1400.0,2800.0,1200.0,1600.0,400.0,1200.0,"[2h,4c,7h,3s,2c]",0.0
"[2h,4c,7h,3s,2c]",2,"[2h,4c,7h,3s]","[2h,4c,7h,3s,Js]",CNN_6,0.518578,1,0,0,draw,400.0,0,0.0,200.0,,01000,1400.0,0.0,1200.0,-1200.0,0,-1200.0,"[6h,2d,3d,7s,3h]",1.0
"[6h,2d,3d,7s,3h]",1,,,CNN_45,0.360872,0,4,4,check,400.0,0,0.0,200.0,,01000,1400.0,2800.0,1200.0,1600.0,400.0,1200.0,"[2h,4c,7h,3s,Js]",0.0
"[2h,4c,7h,3s,Js]",1,,,CNN_6,0.326993,1,4,4,bet_big,400.0,200.0,2.0,200.0,0,010000,1400.0,0.0,1200.0,-1200.0,-200.0,-1000.0,"[6h,2d,3d,7s,3h]",1.0
"[6h,2d,3d,7s,3h]",1,,,CNN_45,0.360872,0,4,4,raise_big,600.0,400.0,1.5,200.0,01,0100001,1400.0,2800.0,1200.0,1600.0,600.0,1000.0,"[2h,4c,7h,3s,Js]",0.0
"[2h,4c,7h,3s,Js]",1,,,CNN_6,0.326993,1,4,4,call_big,1000.0,200.0,5.0,400.0,011,01000011,1400.0,0.0,1000.0,-1000.0,-200.0,-800.0,"[6h,2d,3d,7s,3h]",1.0
"[6h,2d,3d,7s,3h]",1,"[6h,2d,7s,3h]","[6h,2d,7s,3h,9s]",CNN_45,0.360872,0,0,0,draw,1200.0,0,0.0,600.0,,010000110,1400.0,2800.0,800.0,2000.0,1200.0,800.0,"[2h,4c,7h,3s,Js]",0.0
"[2h,4c,7h,3s,Js]",1,"[2h,4c,7h,3s]","[2h,4c,7h,3s,Tc]",CNN_6,0.326993,1,0,0,draw,1200.0,0,0.0,600.0,,010000110,1400.0,0.0,800.0,-800.0,0,-800.0,"[6h,2d,7s,3h,9s]",0.0
"[6h,2d,7s,3h,9s]",0,,,CNN_45,0.662642,0,4,4,bet_big,1200.0,200.0,6.0,600.0,,010000110,1400.0,2800.0,800.0,2000.0,1200.0,800.0,"[2h,4c,7h,3s,Tc]",1.0
"[2h,4c,7h,3s,Tc]",0,,,CNN_6,0.418541,1,4,4,raise_big,1400.0,400.0,3.5,600.0,1,0100001101,1400.0,0.0,800.0,-800.0,-400.0,-400.0,"[6h,2d,7s,3h,9s]",0.0
"[6h,2d,7s,3h,9s]",0,,,CNN_45,0.662642,0,4,4,raise_big,1800.0,400.0,4.5,800.0,11,01000011011,1400.0,2800.0,600.0,2200.0,1800.0,400.0,"[2h,4c,7h,3s,Tc]",1.0
"[2h,4c,7h,3s,Tc]",0,,,CNN_6,0.418541,1,4,4,raise_big,2200.0,400.0,5.5,1000.0,111,010000110111,1400.0,0.0,400.0,-400.0,-400.0,0.0,"[6h,2d,7s,3h,9s]",0.0
"[6h,2d,7s,3h,9s]",0,,,CNN_45,0.662642,0,4,4,call_big,2600.0,200.0,13.0,1200.0,1111,0100001101111,1400.0,2800.0,200.0,2600.0,2600.0,0.0,"[2h,4c,7h,3s,Tc]",1.0
"[Tc,Ts,3h,4c,Jc]",3,,,CNN_6,0.3,0,0,0,pos_BB,0.0,100,0.0,0.0,,,1200.0,2400.0,1200.0,1200.0,0.0,1200.0,"[Ah,Ac,5c,5h,Qs]",1.0
"[Ah,Ac,5c,5h,Qs]",3,,,CNN_45,0.3,1,0,0,pos_SB,100.0,50,2.0,0.0,,,1200.0,0.0,1200.0,-1200.0,-50,-1150.0,"[Tc,Ts,3h,4c,Jc]",0.0
"[Ah,Ac,5c,5h,Qs]",3,,,CNN_45,0.337328,1,0,0,raise_small,150.0,150.0,1.0,50.0,,,1200.0,0.0,1150.0,-1150.0,-150.0,-1000.0,"[Tc,Ts,3h,4c,Jc]",0.0
"[Tc,Ts,3h,4c,Jc]",3,,,CNN_6,0.374874,0,0,0,call_small,300.0,100.0,3.0,100.0,1,1,1200.0,2400.0,1100.0,1300.0,300.0,1000.0,"[Ah,Ac,5c,5h,Qs]",1.0
"[Tc,Ts,3h,4c,Jc]",3,"[3h,4c]","[3h,4c,8c,5s,Ad]",CNN_6,0.374874,0,0,0,draw,400.0,0,0.0,200.0,,10,1200.0,2400.0,1000.0,1400.0,400.0,1000.0,"[Ah,Ac,5c,5h,Qs]",1.0
"[Ah,Ac,5c,5h,Qs]",3,[5h],"[5h,7h,9c,4h,3c]",CNN_45,0.337328,1,0,0,draw,400.0,0,0.0,200.0,,10,1200.0,0.0,1000.0,-1000.0,0,-1000.0,"[3h,4c,8c,5s,Ad]",0.0
"[3h,4c,8c,5s,Ad]",2,,,CNN_6,0.460738,0,2,1,bet_small,400.0,100.0,4.0,200.0,,10,1200.0,2400.0,1000.0,1400.0,400.0,1000.0,"[5h,7h,9c,4h,3c]",0.0
"[5h,7h,9c,4h,3c]",2,,,CNN_45,0.627811,1,1,2,raise_small,500.0,200.0,2.5,200.0,1,101,1200.0,0.0,1000.0,-1000.0,-200.0,-800.0,"[3h,4c,8c,5s,Ad]",1.0
"[3h,4c,8c,5s,Ad]",2,,,CNN_6,0.460738,0,2,1,call_small,700.0,100.0,7.0,300.0,11,1011,1200.0,2400.0,900.0,1500.0,700.0,800.0,"[5h,7h,9c,4h,3c]",0.0
"[3h,4c,8c,5s,Ad]",2,"[3h,4c,8c,5s,Ad]","[3h,4c,8c,5s,Ad]",CNN_6,0.0989614,0,0,0,draw,800.0,0,0.0,400.0,,10110,1200.0,2400.0,800.0,1600.0,800.0,800.0,"[5h,7h,9c,4h,3c]",0.0
"[5h,7h,9c,4h,3c]",2,"[5h,7h,9c,4h,3c]","[5h,7h,9c,4h,3c]",CNN_45,0.627811,1,0,0,draw,800.0,0,0.0,400.0,,10110,1200.0,0.0,800.0,-800.0,0,-800.0,"[3h,4c,8c,5s,Ad]",1.0
"[3h,4c,8c,5s,Ad]",1,,,CNN_6,0.291728,0,5,5,check,800.0,0,0.0,400.0,,10110,1200.0,2400.0,800.0,1600.0,800.0,800.0,"[5h,7h,9c,4h,3c]",0.0
"[5h,7h,9c,4h,3c]",1,,,CNN_45,0.618999,1,5,5,check,800.0,0,0.0,400.0,0,101100,1200.0,0.0,800.0,-800.0,0,-800.0,"[3h,4c,8c,5s,Ad]",1.0
"[3h,4c,8c,5s,Ad]",1,"[3h,4c,8c,5s]","[3h,4c,8c,5s,6h]",CNN_6,0.291728,0,0,0,draw,800.0,0,0.0,400.0,,1011000,1200.0,2400.0,800.0,1600.0,800.0,800.0,"[5h,7h,9c,4h,3c]",0.0
"[5h,7h,9c,4h,3c]",1,"[5h,7h,9c,4h,3c]","[5h,7h,9c,4h,3c]",CNN_45,0.618999,1,0,0,draw,800.0,0,0.0,400.0,,1011000,1200.0,0.0,800.0,-800.0,0,-800.0,"[3h,4c,8c,5s,6h]",0.0
"[3h,4c,8c,5s,6h]",0,,,CNN_6,0.714993,0,4,5,bet_big,800.0,200.0,4.0,400.0,,1011000,1200.0,2400.0,800.0,1600.0,800.0,800.0,"[5h,7h,9c,4h,3c]",1.0
"[5h,7h,9c,4h,3c]",0,,,CNN_45,0.618999,1,5,4,raise_big,1000.0,400.0,2.5,400.0,1,10110001,1200.0,0.0,800.0,-800.0,-400.0,-400.0,"[3h,4c,8c,5s,6h]",0.0
"[3h,4c,8c,5s,6h]",0,,,CNN_6,0.714993,0,4,5,raise_big,1400.0,400.0,3.5,600.0,11,101100011,1200.0,2400.0,600.0,1800.0,1400.0,400.0,"[5h,7h,9c,4h,3c]",1.0
"[5h,7h,9c,4h,3c]",0,,,CNN_45,0.618999,1,5,4,raise_big,1800.0,400.0,4.5,800.0,111,1011000111,1200.0,0.0,400.0,-400.0,-400.0,0.0,"[3h,4c,8c,5s,6h]",0.0
"[3h,4c,8c,5s,6h]",0,,,CNN_6,0.714993,0,4,5,call_big,2200.0,200.0,11.0,1000.0,1111,10110001111,1200.0,2400.0,200.0,2200.0,2200.0,0.0,"[5h,7h,9c,4h,3c]",1.0
"[5c,4c,Kh,7h,Kc]",3,,,CNN_45,0.3,0,0,0,pos_BB,0.0,100,0.0,0.0,,,800.0,1400.0,800.0,600.0,0.0,600.0,"[9s,4s,3s,3h,2d]",0.0
"[9s,4s,3s,3h,2d]",3,,,CNN_6,0.3,1,0,0,pos_SB,100.0,50,2.0,0.0,,,600.0,0.0,600.0,-600.0,-50,-550.0,"[5c,4c,Kh,7h,Kc]",1.0
"[9s,4s,3s,3h,2d]",3,,,CNN_6,0.502455,1,0,0,raise_small,150.0,150.0,1.0,50.0,,,600.0,0.0,550.0,-550.0,-150.0,-400.0,"[5c,4c,Kh,7h,Kc]",1.0
"[5c,4c,Kh,7h,Kc]",3,,,CNN_45,0.43505,0,0,0,call_small,300.0,100.0,3.0,100.0,1,1,800.0,1400.0,700.0,700.0,300.0,400.0,"[9s,4s,3s,3h,2d]",0.0
"[5c,4c,Kh,7h,Kc]",3,[4c],"[4c,5h,2c,8d,Th]",CNN_45,0.304082,0,0,0,draw,400.0,0,0.0,200.0,,10,800.0,1400.0,600.0,800.0,400.0,400.0,"[9s,4s,3s,3h,2d]",0.0
"[9s,4s,3s,3h,2d]",3,"[9s,4s,3h,2d]","[9s,4s,3h,2d,Jc]",CNN_6,0.502455,1,0,0,draw,400.0,0,0.0,200.0,,10,600.0,0.0,400.0,-400.0,0,-400.0,"[4c,5h,2c,8d,Th]",0.0
"[4c,5h,2c,8d,Th]",2,,,CNN_45,0.471703,0,1,4,bet_small,400.0,100.0,4.0,200.0,,10,800.0,1400.0,600.0,800.0,400.0,400.0,"[9s,4s,3h,2d,Jc]",1.0
"[9s,4s,3h,2d,Jc]",2,,,CNN_6,0.432653,1,4,1,raise_small,500.0,200.0,2.5,200.0,1,101,600.0,0.0,400.0,-400.0,-200.0,-200.0,"[4c,5h,2c,8d,Th]",0.0
"[4c,5h,2c,8d,Th]",2,,,CNN_45,0.471703,0,1,4,raise_small,700.0,200.0,3.5,300.0,11,1011,800.0,1400.0,500.0,900.0,700.0,200.0,"[9s,4s,3h,2d,Jc]",1.0
"[9s,4s,3h,2d,Jc]",2,,,CNN_6,0.432653,1,4,1,raise_small,900.0,200.0,4.5,400.0,111,10111,600.0,0.0,200.0,-200.0,-200.0,0.0,"[4c,5h,2c,8d,Th]",0.0
"[4c,5h,2c,8d,Th]",2,,,CNN_45,0.471703,0,1,4,call_small,1100.0,100.0,11.0,500.0,1111,101111,800.0,1400.0,300.0,1100.0,1100.0,0.0,"[9s,4s,3h,2d,Jc]",1.0
"[4c,5h,2c,8d,Th]",2,"[4c,5h,2c,8d]","[4c,5h,2c,8d,6h]",CNN_45,0.471703,0,0,0,draw,1200.0,0,0.0,600.0,,1011110,800.0,1400.0,200.0,1200.0,1200.0,0.0,"[9s,4s,3h,2d,Jc]",1.0
"[9s,4s,3h,2d,Jc]",2,"[9s,4s,3h,2d]","[9s,4s,3h,2d,3c]",CNN_6,0.432653,1,0,0,draw,1200.0,0,0.0,600.0,,1011110,600.0,0.0,0.0,0.0,0,0,"[4c,5h,2c,8d,6h]",0.0
"[4c,5h,2c,8d,6h]",1,,,CNN_45,0.843997,0,4,4,check,1200.0,0,0.0,600.0,,1011110,800.0,1400.0,200.0,1200.0,1200.0,0.0,"[9s,4s,3h,2d,3c]",1.0
"[9s,4s,3h,2d,3c]",1,,,CNN_6,0.272682,1,4,4,check,1200.0,0,0.0,600.0,0,10111100,600.0,0.0,0.0,0.0,0,0,"[4c,5h,2c,8d,6h]",0.0
"[4c,5h,2c,8d,6h]",1,"[4c,5h,2c,8d,6h]","[4c,5h,2c,8d,6h]",CNN_45,0.843997,0,0,0,draw,1200.0,0,0.0,600.0,,101111000,800.0,1400.0,200.0,1200.0,1200.0,0.0,"[9s,4s,3h,2d,3c]",1.0
"[9s,4s,3h,2d,3c]",1,"[9s,4s,2d,3c]","[9s,4s,2d,3c,8c]",CNN_6,0.272682,1,0,0,draw,1200.0,0,0.0,600.0,,101111000,600.0,0.0,0.0,0.0,0,0,"[4c,5h,2c,8d,6h]",0.0
"[4c,5h,2c,8d,6h]",0,,,CNN_45,0.843997,0,5,4,bet_big,1200.0,200.0,6.0,600.0,,101111000,800.0,1400.0,200.0,1200.0,1200.0,0.0,"[9s,4s,2d,3c,8c]",1.0
"[9s,4s,2d,3c,8c]",0,,,CNN_6,0.582321,1,4,5,FOLD,1400.0,0,0.0,600.0,1,1011110001,600.0,0.0,0.0,0.0,0,0,"[4c,5h,2c,8d,6h]",0.0
"[3h,6h,7s,As,Js]",3,,,CNN_6,0.3,0,0,0,pos_BB,0.0,100,0.0,0.0,,,1000.0,2000.0,1000.0,1000.0,0.0,1000.0,"[Jc,5d,Ac,Qd,8h]",1.0
"[Jc,5d,Ac,Qd,8h]",3,,,CNN_45,0.3,1,0,0,pos_SB,100.0,50,2.0,0.0,,,1000.0,0.0,1000.0,-1000.0,-50,-950.0,"[3h,6h,7s,As,Js]",0.0
"[Jc,5d,Ac,Qd,8h]",3,,,CNN_45,0.362013,1,0,0,raise_small,150.0,150.0,1.0,50.0,,,1000.0,0.0,950.0,-950.0,-150.0,-800.0,"[3h,6h,7s,As,Js]",0.0
"[3h,6h,7s,As,Js]",3,,,CNN_6,0.456381,0,0,0,raise_small,300.0,200.0,1.5,100.0,1,1,1000.0,2000.0,900.0,1100.0,300.0,800.0,"[Jc,5d,Ac,Qd,8h]",1.0
"[Jc,5d,Ac,Qd,8h]",3,,,CNN_45,0.362013,1,0,0,raise_small,500.0,200.0,2.5,200.0,11,11,1000.0,0.0,800.0,-800.0,-200.0,-600.0,"[3h,6h,7s,As,Js]",0.0
"[3h,6h,7s,As,Js]",3,,,CNN_6,0.456381,0,0,0,call_small,700.0,100.0,7.0,300.0,111,111,1000.0,2000.0,700.0,1300.0,700.0,600.0,"[Jc,5d,Ac,Qd,8h]",1.0
"[3h,6h,7s,As,Js]",3,"[3h,6h,7s]","[3h,6h,7s,4h,5s]",CNN_6,0.456381,0,0,0,draw,800.0,0,0.0,400.0,,1110,1000.0,2000.0,600.0,1400.0,800.0,600.0,"[Jc,5d,Ac,Qd,8h]",1.0
"[Jc,5d,Ac,Qd,8h]",3,"[5d,8h]","[5d,8h,2d,Ks,Kd]",CNN_45,0.362013,1,0,0,draw,800.0,0,0.0,400.0,,1110,1000.0,0.0,600.0,-600.0,0,-600.0,"[3h,6h,7s,4h,5s]",1.0
"[3h,6h,7s,4h,5s]",2,,,CNN_6,0.398149,0,3,2,check,800.0,0,0.0,400.0,,1110,1000.0,2000.0,600.0,1400.0,800.0,600.0,"[5d,8h,2d,Ks,Kd]",0.0
"[5d,8h,2d,Ks,Kd]",2,,,CNN_45,0.327836,1,2,3,check,800.0,0,0.0,400.0,0,11100,1000.0,0.0,600.0,-600.0,0,-600.0,"[3h,6h,7s,4h,5s]",1.0
"[3h,6h,7s,4h,5s]",2,"[3h,7s,4h,5s]","[3h,7s,4h,5s,Jd]",CNN_6,0.398149,0,0,0,draw,800.0,0,0.0,400.0,,111000,1000.0,2000.0,600.0,1400.0,800.0,600.0,"[5d,8h,2d,Ks,Kd]",0.0
"[5d,8h,2d,Ks,Kd]",2,"[5d,8h,2d]","[5d,8h,2d,8s,Qs]",CNN_45,0.327836,1,0,0,draw,800.0,0,0.0,400.0,,111000,1000.0,0.0,600.0,-600.0,0,-600.0,"[3h,7s,4h,5s,Jd]",0.0
"[3h,7s,4h,5s,Jd]",1,,,CNN_6,0.27646,0,4,3,bet_big,800.0,200.0,4.0,400.0,,111000,1000.0,2000.0,600.0,1400.0,800.0,600.0,"[5d,8h,2d,8s,Qs]",1.0
"[5d,8h,2d,8s,Qs]",1,,,CNN_45,0.162179,1,3,4,call_big,1000.0,200.0,5.0,400.0,1,1110001,1000.0,0.0,600.0,-600.0,-200.0,-400.0,"[3h,7s,4h,5s,Jd]",0.0
"[3h,7s,4h,5s,Jd]",1,"[4h,5s]","[4h,5s,Tc,Qh,3d]",CNN_6,0.128625,0,0,0,draw,1200.0,0,0.0,600.0,,11100010,1000.0,2000.0,400.0,1600.0,1200.0,400.0,"[5d,8h,2d,8s,Qs]",1.0
"[5d,8h,2d,8s,Qs]",1,[2d],"[2d,4c,3c,7c,2c]",CNN_45,0.112084,1,0,0,draw,1200.0,0,0.0,600.0,,11100010,1000.0,0.0,400.0,-400.0,0,-400.0,"[4h,5s,Tc,Qh,3d]",0.0
"[4h,5s,Tc,Qh,3d]",0,,,CNN_6,0.089451,0,2,1,bet_big,1200.0,200.0,6.0,600.0,,11100010,1000.0,2000.0,400.0,1600.0,1200.0,400.0,"[2d,4c,3c,7c,2c]",1.0
"[2d,4c,3c,7c,2c]",0,,,CNN_45,0.0720088,1,1,2,raise_big,1400.0,400.0,3.5,600.0,1,111000101,1000.0,0.0,400.0,-400.0,-400.0,0.0,"[4h,5s,Tc,Qh,3d]",0.0
"[4h,5s,Tc,Qh,3d]",0,,,CNN_6,0.089451,0,2,1,call_big,1800.0,200.0,9.0,800.0,11,1110001011,1000.0,2000.0,200.0,1800.0,1800.0,0.0,"[2d,4c,3c,7c,2c]",1.0
"[7d,7s,2h,Ac,Ad]",3,,,CNN_45,0.3,0,0,0,pos_BB,0.0,100,0.0,0.0,,,1000.0,0.0,1000.0,-1000.0,-100,-900.0,"[Jc,2s,Ts,Ah,6h]",0.0
"[Jc,2s,Ts,Ah,6h]",3,,,CNN_6,0.3,1,0,0,pos_SB,100.0,50,2.0,0.0,,,1200.0,2200.0,1200.0,1000.0,100.0,900.0,"[7d,7s,2h,Ac,Ad]",1.0
"[Jc,2s,Ts,Ah,6h]",3,,,CNN_6,0.391133,1,0,0,raise_small,150.0,150.0,1.0,50.0,,,1200.0,2200.0,1150.0,1050.0,150.0,900.0,"[7d,7s,2h,Ac,Ad]",1.0
"[7d,7s,2h,Ac,Ad]",3,,,CNN_45,0.383805,0,0,0,call_small,300.0,100.0,3.0,100.0,1,1,1000.0,0.0,900.0,-900.0,-100.0,-800.0,"[Jc,2s,Ts,Ah,6h]",0.0
"[7d,7s,2h,Ac,Ad]",3,"[7s,2h]","[7s,2h,5h,4d,Js]",CNN_45,0.383805,0,0,0,draw,400.0,0,0.0,200.0,,10,1000.0,0.0,800.0,-800.0,0,-800.0,"[Jc,2s,Ts,Ah,6h]",0.0
"[Jc,2s,Ts,Ah,6h]",3,"[2s,6h]","[2s,6h,8s,6c,2d]",CNN_6,0.391133,1,0,0,draw,400.0,0,0.0,200.0,,10,1200.0,2200.0,1000.0,1200.0,400.0,800.0,"[7s,2h,5h,4d,Js]",0.0
"[7s,2h,5h,4d,Js]",2,,,CNN_45,0.488815,0,2,2,check,400.0,0,0.0,200.0,,10,1000.0,0.0,800.0,-800.0,0,-800.0,"[2s,6h,8s,6c,2d]",1.0
"[2s,6h,8s,6c,2d]",2,,,CNN_6,0.313196,1,2,2,bet_small,400.0,100.0,4.0,200.0,0,100,1200.0,2200.0,1000.0,1200.0,400.0,800.0,"[7s,2h,5h,4d,Js]",0.0
"[7s,2h,5h,4d,Js]",2,,,CNN_45,0.488815,0,2,2,raise_small,500.0,200.0,2.5,200.0,01,1001,1000.0,0.0,800.0,-800.0,-200.0,-600.0,"[2s,6h,8s,6c,2d]",1.0
"[2s,6h,8s,6c,2d]",2,,,CNN_6,0.313196,1,2,2,call_small,700.0,100.0,7.0,300.0,011,10011,1200.0,2200.0,900.0,1300.0,700.0,600.0,"[7s,2h,5h,4d,Js]",0.0
"[7s,2h,5h,4d,Js]",2,"[7s,2h,5h,4d]","[7s,2h,5h,4d,3s]",CNN_45,0.488815,0,0,0,draw,800.0,0,0.0,400.0,,100110,1000.0,0.0,600.0,-600.0,0,-600.0,"[2s,6h,8s,6c,2d]",1.0
"[2s,6h,8s,6c,2d]",2,"[6h,8s,2d]","[6h,8s,2d,9c,3h]",CNN_6,0.313196,1,0,0,draw,800.0,0,0.0,400.0,,100110,1200.0,2200.0,800.0,1400.0,800.0,600.0,"[7s,2h,5h,4d,3s]",0.0
"[7s,2h,5h,4d,3s]",1,,,CNN_45,0.905038,0,4,3,check,800.0,0,0.0,400.0,,100110,1000.0,0.0,600.0,-600.0,0,-600.0,"[6h,8s,2d,9c,3h]",1.0
"[6h,8s,2d,9c,3h]",1,,,CNN_6,0.491732,1,3,4,bet_big,800.0,200.0,4.0,400.0,0,1001100,1200.0,2200.0,800.0,1400.0,800.0,600.0,"[7s,2h,5h,4d,3s]",0.0
"[7s,2h,5h,4d,3s]",1,,,CNN_45,0.905038,0,4,3,raise_big,1000.0,400.0,2.5,400.0,01,10011001,1000.0,0.0,600.0,-600.0,-400.0,-200.0,"[6h,8s,2d,9c,3h]",1.0
"[6h,8s,2d,9c,3h]",1,,,CNN_6,0.491732,1,3,4,raise_big,1400.0,400.0,3.5,600.0,011,100110011,1200.0,2200.0,600.0,1600.0,1400.0,200.0,"[7s,2h,5h,4d,3s]",0.0
"[7s,2h,5h,4d,3s]",1,,,CNN_45,0.905038,0,4,3,call_big,1800.0,200.0,9.0,800.0,0111,1001100111,1000.0,0.0,200.0,-200.0,-200.0,0.0,"[6h,8s,2d,9c,3h]",1.0
"[7s,2h,5h,4d,3s]",1,"[7s,2h,5h,4d]","[7s,2h,5h,4d,5c]",CNN_45,0.385007,0,0,0,draw,2000.0,0,0.0,1000.0,,10011001110,1000.0,0.0,0.0,0.0,0,0,"[6h,8s,2d,9c,3h]",1.0
"[6h,8s,2d,9c,3h]",1,"[6h,8s,2d,9c,3h]","[6h,8s,2d,9c,3h]",CNN_6,0.491732,1,0,0,draw,2000.0,0,0.0,1000.0,,10011001110,1200.0,2200.0,200.0,2000.0,2000.0,0.0,"[7s,2h,5h,4d,5c]",1.0
"[7s,2h,5h,4d,5c]",0,,,CNN_45,0.0957508,0,4,5,check,2000.0,0,0.0,1000.0,,10011001110,1000.0,0.0,0.0,0.0,0,0,"[6h,8s,2d,9c,3h]",0.0
"[6h,8s,2d,9c,3h]",0,,,CNN_6,0.491732,1,5,4,bet_big,2000.0,200.0,10.0,1000.0,0,100110011100,1200.0,2200.0,200.0,2000.0,2000.0,0.0,"[7s,2h,5h,4d,5c]",1.0
"[7s,2h,5h,4d,5c]",0,,,CNN_45,0.0957508,0,4,5,FOLD,2200.0,0,0.0,1000.0,01,1001100111001,1000.0,0.0,0.0,0.0,0,0,"[6h,8s,2d,9c,3h]",0.0
"[Ts,Qd,Kc,Qs,Ad]",3,,,CNN_6,0.3,0,0,0,pos_BB,0.0,100,0.0,0.0,,,600.0,1200.0,600.0,600.0,0.0,600.0,"[4d,Tc,6h,7s,Ac]",0.0
"[4d,Tc,6h,7s,Ac]",3,,,CNN_45,0.3,1,0,0,pos_SB,100.0,50,2.0,0.0,,,600.0,0.0,600.0,-600.0,-50,-550.0,"[Ts,Qd,Kc,Qs,Ad]",1.0
"[4d,Tc,6h,7s,Ac]",3,,,CNN_45,0.404645,1,0,0,raise_small,150.0,150.0,1.0,50.0,,,600.0,0.0,550.0,-550.0,-150.0,-400.0,"[Ts,Qd,Kc,Qs,Ad]",1.0
"[Ts,Qd,Kc,Qs,Ad]",3,,,CNN_6,0.252648,0,0,0,call_small,300.0,100.0,3.0,100.0,1,1,600.0,1200.0,500.0,700.0,300.0,400.0,"[4d,Tc,6h,7s,Ac]",0.0
"[Ts,Qd,Kc,Qs,Ad]",3,[Ts],"[Ts,Kd,4c,Qh,8s]",CNN_6,0.252648,0,0,0,draw,400.0,0,0.0,200.0,,10,600.0,1200.0,400.0,800.0,400.0,400.0,"[4d,Tc,6h,7s,Ac]",0.0
"[4d,Tc,6h,7s,Ac]",3,"[4d,6h,7s]","[4d,6h,7s,Js,3h]",CNN_45,0.404645,1,0,0,draw,400.0,0,0.0,200.0,,10,600.0,0.0,400.0,-400.0,0,-400.0,"[Ts,Kd,4c,Qh,8s]",0.0
"[Ts,Kd,4c,Qh,8s]",2,,,CNN_6,0.263792,0,1,3,bet_small,400.0,100.0,4.0,200.0,,10,600.0,1200.0,400.0,800.0,400.0,400.0,"[4d,6h,7s,Js,3h]",0.0
"[4d,6h,7s,Js,3h]",2,,,CNN_45,0.467067,1,3,1,raise_small,500.0,200.0,2.5,200.0,1,101,600.0,0.0,400.0,-400.0,-200.0,-200.0,"[Ts,Kd,4c,Qh,8s]",1.0
"[Ts,Kd,4c,Qh,8s]",2,,,CNN_6,0.263792,0,1,3,raise_small,700.0,200.0,3.5,300.0,11,1011,600.0,1200.0,300.0,900.0,700.0,200.0,"[4d,6h,7s,Js,3h]",0.0
"[4d,6h,7s,Js,3h]",2,,,CNN_45,0.467067,1,3,1,raise_small,900.0,200.0,4.5,400.0,111,10111,600.0,0.0,200.0,-200.0,-200.0,0.0,"[Ts,Kd,4c,Qh,8s]",1.0
"[Ts,Kd,4c,Qh,8s]",2,,,CNN_6,0.263792,0,1,3,call_small,1100.0,100.0,11.0,500.0,1111,101111,600.0,1200.0,100.0,1100.0,1100.0,0.0,"[4d,6h,7s,Js,3h]",0.0
"[Ts,Kd,4c,Qh,8s]",2,"[4c,8s]","[4c,8s,9d,5s,3s]",CNN_6,0.263792,0,0,0,draw,1200.0,0,0.0,600.0,,1011110,600.0,1200.0,0.0,1200.0,1200.0,0.0,"[4d,6h,7s,Js,3h]",0.0
"[4d,6h,7s,Js,3h]",2,"[4d,6h,7s,3h]","[4d,6h,7s,3h,Td]",CNN_45,0.467067,1,0,0,draw,1200.0,0,0.0,600.0,,1011110,600.0,0.0,0.0,0.0,0,0,"[4c,8s,9d,5s,3s]",0.0
"[4c,8s,9d,5s,3s]",1,,,CNN_6,0.563704,0,2,4,check,1200.0,0,0.0,600.0,,1011110,600.0,1200.0,0.0,1200.0,1200.0,0.0,"[4d,6h,7s,3h,Td]",1.0
"[4d,6h,7s,3h,Td]",1,,,CNN_45,0.425726,1,4,2,check,1200.0,0,0.0,600.0,0,10111100,600.0,0.0,0.0,0.0,0,0,"[4c,8s,9d,5s,3s]",0.0
"[4c,8s,9d,5s,3s]",1,"[4c,8s,9d,5s,3s]","[4c,8s,9d,5s,3s]",CNN_6,0.563704,0,0,0,draw,1200.0,0,0.0,600.0,,101111000,600.0,1200.0,0.0,1200.0,1200.0,0.0,"[4d,6h,7s,3h,Td]",1.0
"[4d,6h,7s,3h,Td]",1,"[4d,6h,7s,3h,Td]","[4d,6h,7s,3h,Td]",CNN_45,0.425726,1,0,0,draw,1200.0,0,0.0,600.0,,101111000,600.0,0.0,0.0,0.0,0,0,"[4c,8s,9d,5s,3s]",0.0
"[4c,8s,9d,5s,3s]",0,,,CNN_6,0.563704,0,5,5,check,1200.0,0,0.0,600.0,,101111000,600.0,1200.0,0.0,1200.0,1200.0,0.0,"[4d,6h,7s,3h,Td]",1.0
"[4d,6h,7s,3h,Td]",0,,,CNN_45,0.425726,1,5,5,check,1200.0,0,0.0,600.0,0,1011110000,600.0,0.0,0.0,0.0,0,0,"[4c,8s,9d,5s,3s]",0.0
"[2d,Qs,Jc,Th,Ac]",3,,,CNN_45,0.3,0,0,0,pos_BB,0.0,100,0.0,0.0,,,100.0,0.0,100.0,-100.0,-100,0.0,"[3h,Qc,8c,Ah,Kc]",1.0
"[3h,Qc,8c,Ah,Kc]",3,,,CNN_6,0.3,1,0,0,pos_SB,100.0,50,2.0,0.0,,,200.0,300.0,200.0,100.0,100.0,0.0,"[2d,Qs,Jc,Th,Ac]",0.0
"[3h,Qc,8c,Ah,Kc]",3,,,CNN_6,0.3738,1,0,0,call_small,150.0,50.0,3.0,50.0,,,200.0,300.0,150.0,150.0,150.0,0.0,"[2d,Qs,Jc,Th,Ac]",0.0
"[2d,Qs,Jc,Th,Ac]",3,,,CNN_45,0.335553,0,0,0,check,200.0,0,0.0,100.0,0,0,100.0,0.0,0.0,0.0,0,0,"[3h,Qc,8c,Ah,Kc]",1.0
"[2d,Qs,Jc,Th,Ac]",3,[2d],"[2d,Qd,6h,3c,Tc]",CNN_45,0.335553,0,0,0,draw,200.0,0,0.0,100.0,,00,100.0,0.0,0.0,0.0,0,0,"[3h,Qc,8c,Ah,Kc]",1.0
"[3h,Qc,8c,Ah,Kc]",3,"[3h,Qc,8c,Ah]","[3h,Qc,8c,Ah,5s]",CNN_6,0.20623,1,0,0,draw,200.0,0,0.0,100.0,,00,200.0,300.0,100.0,200.0,200.0,0.0,"[2d,Qd,6h,3c,Tc]",0.0
"[2d,Qd,6h,3c,Tc]",2,,,CNN_45,0.332438,0,1,4,check,200.0,0,0.0,100.0,,00,100.0,0.0,0.0,0.0,0,0,"[3h,Qc,8c,Ah,5s]",1.0
"[3h,Qc,8c,Ah,5s]",2,,,CNN_6,0.317558,1,4,1,bet_small,200.0,100.0,2.0,100.0,0,000,200.0,300.0,100.0,200.0,200.0,0.0,"[2d,Qd,6h,3c,Tc]",0.0
"[2d,Qd,6h,3c,Tc]",2,,,CNN_45,0.332438,0,1,4,FOLD,300.0,0,0.0,100.0,01,0001,100.0,0.0,0.0,0.0,0,0,"[3h,Qc,8c,Ah,5s]",1.0
"[5s,6d,4s,4c,As]",3,,,CNN_6,0.3,0,0,0,pos_BB,0.0,100,0.0,0.0,,,700.0,1400.0,700.0,700.0,0.0,700.0,"[6c,9h,9d,Ac,4d]",1.0
"[6c,9h,9d,Ac,4d]",3,,,CNN_45,0.3,1,0,0,pos_SB,100.0,50,2.0,0.0,,,700.0,0.0,700.0,-700.0,-50,-650.0,"[5s,6d,4s,4c,As]",0.0
"[6c,9h,9d,Ac,4d]",3,,,CNN_45,0.381277,1,0,0,raise_small,150.0,150.0,1.0,50.0,,,700.0,0.0,650.0,-650.0,-150.0,-500.0,"[5s,6d,4s,4c,As]",0.0
"[5s,6d,4s,4c,As]",3,,,CNN_6,0.417416,0,0,0,raise_small,300.0,200.0,1.5,100.0,1,1,700.0,1400.0,600.0,800.0,300.0,500.0,"[6c,9h,9d,Ac,4d]",1.0
"[6c,9h,9d,Ac,4d]",3,,,CNN_45,0.381277,1,0,0,raise_small,500.0,200.0,2.5,200.0,11,11,700.0,0.0,500.0,-500.0,-200.0,-300.0,"[5s,6d,4s,4c,As]",0.0
"[5s,6d,4s,4c,As]",3,,,CNN_6,0.417416,0,0,0,call_small,700.0,100.0,7.0,300.0,111,111,700.0,1400.0,400.0,1000.0,700.0,300.0,"[6c,9h,9d,Ac,4d]",1.0
"[5s,6d,4s,4c,As]",3,"[5s,6d,4c]","[5s,6d,4c,6h,4h]",CNN_6,0.417416,0,0,0,draw,800.0,0,0.0,400.0,,1110,700.0,1400.0,300.0,1100.0,800.0,300.0,"[6c,9h,9d,Ac,4d]",1.0
"[6c,9h,9d,Ac,4d]",3,"[6c,9d,4d]","[6c,9d,4d,8c,Tc]",CNN_45,0.381277,1,0,0,draw,800.0,0,0.0,400.0,,1110,700.0,0.0,300.0,-300.0,0,-300.0,"[5s,6d,4c,6h,4h]",1.0
"[5s,6d,4c,6h,4h]",2,,,CNN_6,0.265842,0,3,3,bet_small,800.0,100.0,8.0,400.0,,1110,700.0,1400.0,300.0,1100.0,800.0,300.0,"[6c,9d,4d,8c,Tc]",0.0
"[6c,9d,4d,8c,Tc]",2,,,CNN_45,0.300204,1,3,3,call_small,900.0,100.0,9.0,400.0,1,11101,700.0,0.0,300.0,-300.0,-100.0,-200.0,"[5s,6d,4c,6h,4h]",1.0
"[5s,6d,4c,6h,4h]",2,"[5s,6d,6h]","[5s,6d,6h,3h,Ad]",CNN_6,0.265842,0,0,0,draw,1000.0,0,0.0,500.0,,111010,700.0,1400.0,200.0,1200.0,1000.0,200.0,"[6c,9d,4d,8c,Tc]",0.0
"[6c,9d,4d,8c,Tc]",2,"[6c,9d,4d,8c]","[6c,9d,4d,8c,5c]",CNN_45,0.300204,1,0,0,draw,1000.0,0,0.0,500.0,,111010,700.0,0.0,200.0,-200.0,0,-200.0,"[5s,6d,6h,3h,Ad]",1.0
"[5s,6d,6h,3h,Ad]",1,,,CNN_6,0.163879,0,3,4,check,1000.0,0,0.0,500.0,,111010,700.0,1400.0,200.0,1200.0,1000.0,200.0,"[6c,9d,4d,8c,5c]",0.0
"[6c,9d,4d,8c,5c]",1,,,CNN_45,0.424234,1,4,3,check,1000.0,0,0.0,500.0,0,1110100,700.0,0.0,200.0,-200.0,0,-200.0,"[5s,6d,6h,3h,Ad]",1.0
"[5s,6d,6h,3h,Ad]",1,"[5s,6d,3h]","[5s,6d,3h,7c,2d]",CNN_6,0.163879,0,0,0,draw,1000.0,0,0.0,500.0,,11101000,700.0,1400.0,200.0,1200.0,1000.0,200.0,"[6c,9d,4d,8c,5c]",0.0
"[6c,9d,4d,8c,5c]",1,"[6c,9d,4d,8c,5c]","[6c,9d,4d,8c,5c]",CNN_45,0.424234,1,0,0,draw,1000.0,0,0.0,500.0,,11101000,700.0,0.0,200.0,-200.0,0,-200.0,"[5s,6d,3h,7c,2d]",0.0
"[5s,6d,3h,7c,2d]",0,,,CNN_6,0.946308,0,3,5,bet_big,1000.0,200.0,5.0,500.0,,11101000,700.0,1400.0,200.0,1200.0,1000.0,200.0,"[6c,9d,4d,8c,5c]",1.0
"[6c,9d,4d,8c,5c]",0,,,CNN_45,0.424234,1,5,3,call_big,1200.0,200.0,6.0,500.0,1,111010001,700.0,0.0,200.0,-200.0,-200.0,0.0,"[5s,6d,3h,7c,2d]",0.0
"[6s,Jc,7s,3h,3s]",3,,,CNN_45,0.3,0,0,0,pos_BB,0.0,100,0.0,0.0,,,700.0,0.0,700.0,-700.0,-100,-600.0,"[Td,8d,7h,9c,Ac]",0.0
"[Td,8d,7h,9c,Ac]",3,,,CNN_6,0.3,1,0,0,pos_SB,100.0,50,2.0,0.0,,,900.0,1600.0,900.0,700.0,100.0,600.0,"[6s,Jc,7s,3h,3s]",1.0
"[Td,8d,7h,9c,Ac]",3,,,CNN_6,0.311203,1,0,0,call_small,150.0,50.0,3.0,50.0,,,900.0,1600.0,850.0,750.0,150.0,600.0,"[6s,Jc,7s,3h,3s]",1.0
"[6s,Jc,7s,3h,3s]",3,,,CNN_45,0.465169,0,0,0,raise_small,200.0,100.0,2.0,100.0,0,0,700.0,0.0,600.0,-600.0,-100.0,-500.0,"[Td,8d,7h,9c,Ac]",0.0
"[Td,8d,7h,9c,Ac]",3,,,CNN_6,0.311203,1,0,0,call_small,300.0,100.0,3.0,100.0,01,01,900.0,1600.0,800.0,800.0,300.0,500.0,"[6s,Jc,7s,3h,3s]",1.0
"[6s,Jc,7s,3h,3s]",3,"[6s,7s,3h]","[6s,7s,3h,8s,7d]",CNN_45,0.465169,0,0,0,draw,400.0,0,0.0,200.0,,010,700.0,0.0,500.0,-500.0,0,-500.0,"[Td,8d,7h,9c,Ac]",0.0
"[Td,8d,7h,9c,Ac]",3,"[8d,7h]","[8d,7h,6h,2s,3c]",CNN_6,0.311203,1,0,0,draw,400.0,0,0.0,200.0,,010,900.0,1600.0,700.0,900.0,400.0,500.0,"[6s,7s,3h,8s,7d]",1.0
"[6s,7s,3h,8s,7d]",2,,,CNN_45,0.401903,0,3,2,check,400.0,0,0.0,200.0,,010,700.0,0.0,500.0,-500.0,0,-500.0,"[8d,7h,6h,2s,3c]",0.0
"[8d,7h,6h,2s,3c]",2,,,CNN_6,0.786195,1,2,3,bet_small,400.0,100.0,4.0,200.0,0,0100,900.0,1600.0,700.0,900.0,400.0,500.0,"[6s,7s,3h,8s,7d]",1.0
"[6s,7s,3h,8s,7d]",2,,,CNN_45,0.401903,0,3,2,raise_small,500.0,200.0,2.5,200.0,01,01001,700.0,0.0,500.0,-500.0,-200.0,-300.0,"[8d,7h,6h,2s,3c]",0.0
"[8d,7h,6h,2s,3c]",2,,,CNN_6,0.786195,1,2,3,raise_small,700.0,200.0,3.5,300.0,011,010011,900.0,1600.0,600.0,1000.0,700.0,300.0,"[6s,7s,3h,8s,7d]",1.0
"[6s,7s,3h,8s,7d]",2,,,CNN_45,0.401903,0,3,2,call_small,900.0,100.0,9.0,400.0,0111,0100111,700.0,0.0,300.0,-300.0,-100.0,-200.0,"[8d,7h,6h,2s,3c]",0.0
"[6s,7s,3h,8s,7d]",2,"[6s,7s,3h,8s]","[6s,7s,3h,8s,Th]",CNN_45,0.401903,0,0,0,draw,1000.0,0,0.0,500.0,,01001110,700.0,0.0,200.0,-200.0,0,-200.0,"[8d,7h,6h,2s,3c]",0.0
"[8d,7h,6h,2s,3c]",2,"[7h,6h,2s,3c]","[7h,6h,2s,3c,Kd]",CNN_6,0.497007,1,0,0,draw,1000.0,0,0.0,500.0,,01001110,900.0,1600.0,400.0,1200.0,1000.0,200.0,"[6s,7s,3h,8s,Th]",1.0
"[6s,7s,3h,8s,Th]",1,,,CNN_45,0.270119,0,4,4,bet_big,1000.0,200.0,5.0,500.0,,01001110,700.0,0.0,200.0,-200.0,-200.0,0.0,"[7h,6h,2s,3c,Kd]",1.0
"[7h,6h,2s,3c,Kd]",1,,,CNN_6,0.317302,1,4,4,call_big,1200.0,200.0,6.0,500.0,1,010011101,900.0,1600.0,400.0,1200.0,1200.0,0.0,"[6s,7s,3h,8s,Th]",0.0
"[6s,7s,3h,8s,Th]",1,"[6s,3h]","[6s,3h,Ks,5d,2h]",CNN_45,0.129732,0,0,0,draw,1400.0,0,0.0,700.0,,0100111010,700.0,0.0,0.0,0.0,0,0,"[7h,6h,2s,3c,Kd]",1.0
"[7h,6h,2s,3c,Kd]",1,"[7h,6h,2s,3c]","[7h,6h,2s,3c,Qs]",CNN_6,0.317302,1,0,0,draw,1400.0,0,0.0,700.0,,0100111010,900.0,1600.0,200.0,1400.0,1400.0,0.0,"[6s,3h,Ks,5d,2h]",0.0
"[6s,3h,Ks,5d,2h]",0,,,CNN_45,0.102211,0,2,4,check,1400.0,0,0.0,700.0,,0100111010,700.0,0.0,0.0,0.0,0,0,"[7h,6h,2s,3c,Qs]",0.0
"[7h,6h,2s,3c,Qs]",0,,,CNN_6,0.120926,1,4,2,bet_big,1400.0,200.0,7.0,700.0,0,01001110100,900.0,1600.0,200.0,1400.0,1400.0,0.0,"[6s,3h,Ks,5d,2h]",1.0
"[6s,3h,Ks,5d,2h]",0,,,CNN_45,0.102211,0,2,4,FOLD,1600.0,0,0.0,700.0,01,010011101001,700.0,0.0,0.0,0.0,0,0,"[7h,6h,2s,3c,Qs]",0.0
"[9d,5h,5s,Jd,Js]",3,,,CNN_6,0.3,0,0,0,pos_BB,0.0,100,0.0,0.0,,,700.0,1400.0,700.0,700.0,0.0,700.0,"[6h,6s,As,Qs,3c]",0.0
"[6h,6s,As,Qs,3c]",3,,,CNN_45,0.3,1,0,0,pos_SB,100.0,50,2.0,0.0,,,700.0,0.0,700.0,-700.0,-50,-650.0,"[9d,5h,5s,Jd,Js]",1.0
"[6h,6s,As,Qs,3c]",3,,,CNN_45,0.376322,1,0,0,raise_small,150.0,150.0,1.0,50.0,,,700.0,0.0,650.0,-650.0,-150.0,-500.0,"[9d,5h,5s,Jd,Js]",1.0
"[9d,5h,5s,Jd,Js]",3,,,CNN_6,0.319208,0,0,0,call_small,300.0,100.0,3.0,100.0,1,1,700.0,1400.0,600.0,800.0,300.0,500.0,"[6h,6s,As,Qs,3c]",0.0
"[9d,5h,5s,Jd,Js]",3,"[9d,5h]","[9d,5h,3h,8d,9s]",CNN_6,0.319208,0,0,0,draw,400.0,0,0.0,200.0,,10,700.0,1400.0,500.0,900.0,400.0,500.0,"[6h,6s,As,Qs,3c]",0.0
"[6h,6s,As,Qs,3c]",3,"[6h,3c]","[6h,3c,9h,8h,Ts]",CNN_45,0.376322,1,0,0,draw,400.0,0,0.0,200.0,,10,700.0,0.0,500.0,-500.0,0,-500.0,"[9d,5h,3h,8d,9s]",1.0
"[9d,5h,3h,8d,9s]",2,,,CNN_6,0.33292,0,2,2,bet_small,400.0,100.0,4.0,200.0,,10,700.0,1400.0,500.0,900.0,400.0,500.0,"[6h,3c,9h,8h,Ts]",0.0
"[6h,3c,9h,8h,Ts]",2,,,CNN_45,0.321449,1,2,2,raise_small,500.0,200.0,2.5,200.0,1,101,700.0,0.0,500.0,-500.0,-200.0,-300.0,"[9d,5h,3h,8d,9s]",1.0
"[9d,5h,3h,8d,9s]",2,,,CNN_6,0.33292,0,2,2,raise_small,700.0,200.0,3.5,300.0,11,1011,700.0,1400.0,400.0,1000.0,700.0,300.0,"[6h,3c,9h,8h,Ts]",0.0
"[6h,3c,9h,8h,Ts]",2,,,CNN_45,0.321449,1,2,2,call_small,900.0,100.0,9.0,400.0,111,10111,700.0,0.0,300.0,-300.0,-100.0,-200.0,"[9d,5h,3h,8d,9s]",1.0
"[9d,5h,3h,8d,9s]",2,"[5h,3h,8d,9s]","[5h,3h,8d,9s,7h]",CNN_6,0.33292,0,0,0,draw,1000.0,0,0.0,500.0,,101110,700.0,1400.0,200.0,1200.0,1000.0,200.0,"[6h,3c,9h,8h,Ts]",0.0
"[6h,3c,9h,8h,Ts]",2,"[6h,3c,9h,8h]","[6h,3c,9h,8h,Tc]",CNN_45,0.321449,1,0,0,draw,1000.0,0,0.0,500.0,,101110,700.0,0.0,200.0,-200.0,0,-200.0,"[5h,3h,8d,9s,7h]",0.0
"[5h,3h,8d,9s,7h]",1,,,CNN_6,0.516876,0,4,4,check,1000.0,0,0.0,500.0,,101110,700.0,1400.0,200.0,1200.0,1000.0,200.0,"[6h,3c,9h,8h,Tc]",1.0
"[6h,3c,9h,8h,Tc]",1,,,CNN_45,0.238068,1,4,4,bet_big,1000.0,200.0,5.0,500.0,0,1011100,700.0,0.0,200.0,-200.0,-200.0,0.0,"[5h,3h,8d,9s,7h]",0.0
"[5h,3h,8d,9s,7h]",1,,,CNN_6,0.516876,0,4,4,call_big,1200.0,200.0,6.0,500.0,01,10111001,700.0,1400.0,200.0,1200.0,1200.0,0.0,"[6h,3c,9h,8h,Tc]",1.0
"[5h,3h,8d,9s,7h]",1,"[5h,3h,8d,9s,7h]","[5h,3h,8d,9s,7h]",CNN_6,0.516876,0,0,0,draw,1400.0,0,0.0,700.0,,101110010,700.0,1400.0,0.0,1400.0,1400.0,0.0,"[6h,3c,9h,8h,Tc]",1.0
"[6h,3c,9h,8h,Tc]",1,"[6h,3c,9h,8h]","[6h,3c,9h,8h,7c]",CNN_45,0.238068,1,0,0,draw,1400.0,0,0.0,700.0,,101110010,700.0,0.0,0.0,0.0,0,0,"[5h,3h,8d,9s,7h]",0.0
"[5h,3h,8d,9s,7h]",0,,,CNN_6,0.516876,0,5,4,check,1400.0,0,0.0,700.0,,101110010,700.0,1400.0,0.0,1400.0,1400.0,0.0,"[6h,3c,9h,8h,7c]",1.0
"[6h,3c,9h,8h,7c]",0,,,CNN_45,0.397221,1,4,5,check,1400.0,0,0.0,700.0,0,1011100100,700.0,0.0,0.0,0.0,0,0,"[5h,3h,8d,9s,7h]",0.0
"[9d,3c,Qh,Ah,7c]",3,,,CNN_45,0.3,0,0,0,pos_BB,0.0,100,0.0,0.0,,,300.0,400.0,300.0,100.0,0.0,100.0,"[Jh,Qd,8s,3s,2h]",0.0
"[Jh,Qd,8s,3s,2h]",3,,,CNN_6,0.3,1,0,0,pos_SB,100.0,50,2.0,0.0,,,100.0,0.0,100.0,-100.0,-50,-50.0,"[9d,3c,Qh,Ah,7c]",1.0
"[Jh,Qd,8s,3s,2h]",3,,,CNN_6,0.469298,1,0,0,call_small,150.0,50.0,3.0,50.0,,,100.0,0.0,50.0,-50.0,-50.0,0.0,"[9d,3c,Qh,Ah,7c]",1.0
"[9d,3c,Qh,Ah,7c]",3,,,CNN_45,0.393113,0,0,0,check,200.0,0,0.0,100.0,0,0,300.0,400.0,200.0,200.0,200.0,0.0,"[Jh,Qd,8s,3s,2h]",0.0
"[9d,3c,Qh,Ah,7c]",3,"[9d,3c,7c]","[9d,3c,7c,Jd,8h]",CNN_45,0.393113,0,0,0,draw,200.0,0,0.0,100.0,,00,300.0,400.0,200.0,200.0,200.0,0.0,"[Jh,Qd,8s,3s,2h]",0.0
"[Jh,Qd,8s,3s,2h]",3,"[8s,3s,2h]","[8s,3s,2h,Kc,Kh]",CNN_6,0.469298,1,0,0,draw,200.0,0,0.0,100.0,,00,100.0,0.0,0.0,0.0,0,0,"[9d,3c,7c,Jd,8h]",0.0
"[9d,3c,7c,Jd,8h]",2,,,CNN_45,0.29842,0,3,3,check,200.0,0,0.0,100.0,,00,300.0,400.0,200.0,200.0,200.0,0.0,"[8s,3s,2h,Kc,Kh]",1.0
"[8s,3s,2h,Kc,Kh]",2,,,CNN_6,0.345428,1,3,3,check,200.0,0,0.0,100.0,0,000,100.0,0.0,0.0,0.0,0,0,"[9d,3c,7c,Jd,8h]",0.0
"[9d,3c,7c,Jd,8h]",2,"[3c,7c,8h]","[3c,7c,8h,5c,Tc]",CNN_45,0.29842,0,0,0,draw,200.0,0,0.0,100.0,,0000,300.0,400.0,200.0,200.0,200.0,0.0,"[8s,3s,2h,Kc,Kh]",1.0
"[8s,3s,2h,Kc,Kh]",2,"[8s,3s,2h]","[8s,3s,2h,Jc,8d]",CNN_6,0.345428,1,0,0,draw,200.0,0,0.0,100.0,,0000,100.0,0.0,0.0,0.0,0,0,"[3c,7c,8h,5c,Tc]",0.0
"[3c,7c,8h,5c,Tc]",1,,,CNN_45,0.277669,0,3,3,check,200.0,0,0.0,100.0,,0000,300.0,400.0,200.0,200.0,200.0,0.0,"[8s,3s,2h,Jc,8d]",1.0
"[8s,3s,2h,Jc,8d]",1,,,CNN_6,0.166348,1,3,3,check,200.0,0,0.0,100.0,0,00000,100.0,0.0,0.0,0.0,0,0,"[3c,7c,8h,5c,Tc]",0.0
"[3c,7c,8h,5c,Tc]",1,"[3c,7c,8h,5c]","[3c,7c,8h,5c,7h]",CNN_45,0.277669,0,0,0,draw,200.0,0,0.0,100.0,,000000,300.0,400.0,200.0,200.0,200.0,0.0,"[8s,3s,2h,Jc,8d]",1.0
"[8s,3s,2h,Jc,8d]",1,"[8s,3s,2h]","[8s,3s,2h,3d,Ks]",CNN_6,0.166348,1,0,0,draw,200.0,0,0.0,100.0,,000000,100.0,0.0,0.0,0.0,0,0,"[3c,7c,8h,5c,7h]",0.0
"[3c,7c,8h,5c,7h]",0,,,CNN_45,0.0702189,0,4,3,bet_big,200.0,200.0,1.0,100.0,,000000,300.0,400.0,200.0,200.0,200.0,0.0,"[8s,3s,2h,3d,Ks]",0.0
"[8s,3s,2h,3d,Ks]",0,,,CNN_6,0.0712996,1,3,4,FOLD,400.0,0,0.0,100.0,1,0000001,100.0,0.0,0.0,0.0,0,0,"[3c,7c,8h,5c,7h]",1.0
"[Td,9h,3d,4h,5c]",3,,,CNN_6,0.3,0,0,0,pos_BB,0.0,100,0.0,0.0,,,100.0,150.0,100.0,50.0,0.0,50.0,"[Kd,Tc,9c,Ah,Qc]",1.0
"[Kd,Tc,9c,Ah,Qc]",3,,,CNN_45,0.3,1,0,0,pos_SB,100.0,50,2.0,0.0,,,50.0,0.0,50.0,-50.0,-50,0.0,"[Td,9h,3d,4h,5c]",0.0
"[Kd,Tc,9c,Ah,Qc]",3,,,CNN_45,0.293786,1,0,0,FOLD,150.0,0,0.0,50.0,,,50.0,0.0,0.0,0.0,0,0,"[Td,9h,3d,4h,5c]",0.0
"[Td,6c,Ks,7d,6d]",3,,,CNN_45,0.3,0,0,0,pos_BB,0.0,100,0.0,0.0,,,500.0,0.0,500.0,-500.0,-100,-400.0,"[Js,4s,2s,9s,5h]",0.0
"[Js,4s,2s,9s,5h]",3,,,CNN_6,0.3,1,0,0,pos_SB,100.0,50,2.0,0.0,,,700.0,1200.0,700.0,500.0,100.0,400.0,"[Td,6c,Ks,7d,6d]",1.0
"[Js,4s,2s,9s,5h]",3,,,CNN_6,0.520405,1,0,0,call_small,150.0,50.0,3.0,50.0,,,700.0,1200.0,650.0,550.0,150.0,400.0,"[Td,6c,Ks,7d,6d]",1.0
"[Td,6c,Ks,7d,6d]",3,,,CNN_45,0.341175,0,0,0,raise_small,200.0,100.0,2.0,100.0,0,0,500.0,0.0,400.0,-400.0,-100.0,-300.0,"[Js,4s,2s,9s,5h]",0.0
"[Js,4s,2s,9s,5h]",3,,,CNN_6,0.520405,1,0,0,call_small,300.0,100.0,3.0,100.0,01,01,700.0,1200.0,600.0,600.0,300.0,300.0,"[Td,6c,Ks,7d,6d]",1.0
"[Td,6c,Ks,7d,6d]",3,"[6c,7d]","[6c,7d,8c,Kc,7s]",CNN_45,0.341175,0,0,0,draw,400.0,0,0.0,200.0,,010,500.0,0.0,300.0,-300.0,0,-300.0,"[Js,4s,2s,9s,5h]",0.0
"[Js,4s,2s,9s,5h]",3,"[4s,2s,9s,5h]","[4s,2s,9s,5h,Kh]",CNN_6,0.520405,1,0,0,draw,400.0,0,0.0,200.0,,010,700.0,1200.0,500.0,700.0,400.0,300.0,"[6c,7d,8c,Kc,7s]",1.0
"[6c,7d,8c,Kc,7s]",2,,,CNN_45,0.269788,0,2,4,check,400.0,0,0.0,200.0,,010,500.0,0.0,300.0,-300.0,0,-300.0,"[4s,2s,9s,5h,Kh]",0.0
"[4s,2s,9s,5h,Kh]",2,,,CNN_6,0.409137,1,4,2,bet_small,400.0,100.0,4.0,200.0,0,0100,700.0,1200.0,500.0,700.0,400.0,300.0,"[6c,7d,8c,Kc,7s]",1.0
"[6c,7d,8c,Kc,7s]",2,,,CNN_45,0.269788,0,2,4,call_small,500.0,100.0,5.0,200.0,01,01001,500.0,0.0,300.0,-300.0,-100.0,-200.0,"[4s,2s,9s,5h,Kh]",0.0
"[6c,7d,8c,Kc,7s]",2,"[6c,8c,7s]","[6c,8c,7s,8s,7h]",CNN_45,0.269788,0,0,0,draw,600.0,0,0.0,300.0,,010010,500.0,0.0,200.0,-200.0,0,-200.0,"[4s,2s,9s,5h,Kh]",0.0
"[4s,2s,9s,5h,Kh]",2,"[4s,2s,9s,5h]","[4s,2s,9s,5h,9c]",CNN_6,0.409137,1,0,0,draw,600.0,0,0.0,300.0,,010010,700.0,1200.0,400.0,800.0,600.0,200.0,"[6c,8c,7s,8s,7h]",1.0
"[6c,8c,7s,8s,7h]",1,,,CNN_45,0.120535,0,3,4,check,600.0,0,0.0,300.0,,010010,500.0,0.0,200.0,-200.0,0,-200.0,"[4s,2s,9s,5h,9c]",0.0
"[4s,2s,9s,5h,9c]",1,,,CNN_6,0.284828,1,4,3,bet_big,600.0,200.0,3.0,300.0,0,0100100,700.0,1200.0,400.0,800.0,600.0,200.0,"[6c,8c,7s,8s,7h]",1.0
"[6c,8c,7s,8s,7h]",1,,,CNN_45,0.120535,0,3,4,call_big,800.0,200.0,4.0,300.0,01,01001001,500.0,0.0,200.0,-200.0,-200.0,0.0,"[4s,2s,9s,5h,9c]",0.0
"[6c,8c,7s,8s,7h]",1,"[6c,8s]","[6c,8s,5c,Qh,9d]",CNN_45,0.120535,0,0,0,draw,1000.0,0,0.0,500.0,,010010010,500.0,0.0,0.0,0.0,0,0,"[4s,2s,9s,5h,9c]",0.0
"[4s,2s,9s,5h,9c]",1,"[4s,2s,5h,9c]","[4s,2s,5h,9c,Ad]",CNN_6,0.284828,1,0,0,draw,1000.0,0,0.0,500.0,,010010010,700.0,1200.0,200.0,1000.0,1000.0,0.0,"[6c,8s,5c,Qh,9d]",0.0
"[6c,8s,5c,Qh,9d]",0,,,CNN_45,0.0946371,0,2,4,check,1000.0,0,0.0,500.0,,010010010,500.0,0.0,0.0,0.0,0,0,"[4s,2s,5h,9c,Ad]",1.0
"[4s,2s,5h,9c,Ad]",0,,,CNN_6,0.101146,1,4,2,bet_big,1000.0,200.0,5.0,500.0,0,0100100100,700.0,1200.0,200.0,1000.0,1000.0,0.0,"[6c,8s,5c,Qh,9d]",0.0
"[6c,8s,5c,Qh,9d]",0,,,CNN_45,0.0946371,0,2,4,FOLD,1200.0,0,0.0,500.0,01,01001001001,500.0,0.0,0.0,0.0,0,0,"[4s,2s,5h,9c,Ad]",1.0
"[Ks,Qs,9c,As,6s]",3,,,CNN_6,0.3,0,0,0,pos_BB,0.0,100,0.0,0.0,,,400.0,800.0,400.0,400.0,0.0,400.0,"[Td,8c,5h,Ac,3s]",0.0
"[Td,8c,5h,Ac,3s]",3,,,CNN_45,0.3,1,0,0,pos_SB,100.0,50,2.0,0.0,,,400.0,0.0,400.0,-400.0,-50,-350.0,"[Ks,Qs,9c,As,6s]",1.0
"[Td,8c,5h,Ac,3s]",3,,,CNN_45,0.440481,1,0,0,raise_small,150.0,150.0,1.0,50.0,,,400.0,0.0,350.0,-350.0,-150.0,-200.0,"[Ks,Qs,9c,As,6s]",1.0
"[Ks,Qs,9c,As,6s]",3,,,CNN_6,0.329007,0,0,0,call_small,300.0,100.0,3.0,100.0,1,1,400.0,800.0,300.0,500.0,300.0,200.0,"[Td,8c,5h,Ac,3s]",0.0
"[Ks,Qs,9c,As,6s]",3,"[9c,6s]","[9c,6s,4h,4c,2h]",CNN_6,0.329007,0,0,0,draw,400.0,0,0.0,200.0,,10,400.0,800.0,200.0,600.0,400.0,200.0,"[Td,8c,5h,Ac,3s]",0.0
"[Td,8c,5h,Ac,3s]",3,"[8c,5h,3s]","[8c,5h,3s,Ad,6c]",CNN_45,0.440481,1,0,0,draw,400.0,0,0.0,200.0,,10,400.0,0.0,200.0,-200.0,0,-200.0,"[9c,6s,4h,4c,2h]",1.0
"[9c,6s,4h,4c,2h]",2,,,CNN_6,0.434478,0,2,3,check,400.0,0,0.0,200.0,,10,400.0,800.0,200.0,600.0,400.0,200.0,"[8c,5h,3s,Ad,6c]",0.0
"[8c,5h,3s,Ad,6c]",2,,,CNN_45,0.425585,1,3,2,check,400.0,0,0.0,200.0,0,100,400.0,0.0,200.0,-200.0,0,-200.0,"[9c,6s,4h,4c,2h]",1.0
"[9c,6s,4h,4c,2h]",2,"[9c,6s,4h,2h]","[9c,6s,4h,2h,8s]",CNN_6,0.434478,0,0,0,draw,400.0,0,0.0,200.0,,1000,400.0,800.0,200.0,600.0,400.0,200.0,"[8c,5h,3s,Ad,6c]",0.0
"[8c,5h,3s,Ad,6c]",2,"[8c,5h,3s,6c]","[8c,5h,3s,6c,Qc]",CNN_45,0.425585,1,0,0,draw,400.0,0,0.0,200.0,,1000,400.0,0.0,200.0,-200.0,0,-200.0,"[9c,6s,4h,2h,8s]",0.0
"[9c,6s,4h,2h,8s]",1,,,CNN_6,0.444273,0,4,4,check,400.0,0,0.0,200.0,,1000,400.0,800.0,200.0,600.0,400.0,200.0,"[8c,5h,3s,6c,Qc]",1.0
"[8c,5h,3s,6c,Qc]",1,,,CNN_45,0.267544,1,4,4,check,400.0,0,0.0,200.0,0,10000,400.0,0.0,200.0,-200.0,0,-200.0,"[9c,6s,4h,2h,8s]",0.0
"[9c,6s,4h,2h,8s]",1,"[9c,6s,4h,2h,8s]","[9c,6s,4h,2h,8s]",CNN_6,0.444273,0,0,0,draw,400.0,0,0.0,200.0,,100000,400.0,800.0,200.0,600.0,400.0,200.0,"[8c,5h,3s,6c,Qc]",1.0
"[8c,5h,3s,6c,Qc]",1,"[8c,5h,3s,6c]","[8c,5h,3s,6c,Ts]",CNN_45,0.267544,1,0,0,draw,400.0,0,0.0,200.0,,100000,400.0,0.0,200.0,-200.0,0,-200.0,"[9c,6s,4h,2h,8s]",0.0
"[9c,6s,4h,2h,8s]",0,,,CNN_6,0.444273,0,5,4,bet_big,400.0,200.0,2.0,200.0,,100000,400.0,800.0,200.0,600.0,400.0,200.0,"[8c,5h,3s,6c,Ts]",1.0
"[8c,5h,3s,6c,Ts]",0,,,CNN_45,0.291327,1,4,5,call_big,600.0,200.0,3.0,200.0,1,1000001,400.0,0.0,200.0,-200.0,-200.0,0.0,"[9c,6s,4h,2h,8s]",0.0
"[4h,Jd,8d,Jc,2d]",3,,,CNN_45,0.3,0,0,0,pos_BB,0.0,100,0.0,0.0,,,500.0,0.0,500.0,-500.0,-100,-400.0,"[Td,7c,Qs,8s,3d]",0.0
"[Td,7c,Qs,8s,3d]",3,,,CNN_6,0.3,1,0,0,pos_SB,100.0,50,2.0,0.0,,,500.0,1000.0,500.0,500.0,100.0,400.0,"[4h,Jd,8d,Jc,2d]",1.0
"[Td,7c,Qs,8s,3d]",3,,,CNN_6,0.410751,1,0,0,call_small,150.0,50.0,3.0,50.0,,,500.0,1000.0,450.0,550.0,150.0,400.0,"[4h,Jd,8d,Jc,2d]",1.0
"[4h,Jd,8d,Jc,2d]",3,,,CNN_45,0.469268,0,0,0,check,200.0,0,0.0,100.0,0,0,500.0,0.0,400.0,-400.0,0,-400.0,"[Td,7c,Qs,8s,3d]",0.0
"[4h,Jd,8d,Jc,2d]",3,"[4h,8d,2d]","[4h,8d,2d,7h,5s]",CNN_45,0.469268,0,0,0,draw,200.0,0,0.0,100.0,,00,500.0,0.0,400.0,-400.0,0,-400.0,"[Td,7c,Qs,8s,3d]",0.0
"[Td,7c,Qs,8s,3d]",3,"[7c,8s,3d]","[7c,8s,3d,5c,4s]",CNN_6,0.410751,1,0,0,draw,200.0,0,0.0,100.0,,00,500.0,1000.0,400.0,600.0,200.0,400.0,"[4h,8d,2d,7h,5s]",0.0
"[4h,8d,2d,7h,5s]",2,,,CNN_45,0.815381,0,3,3,check,200.0,0,0.0,100.0,,00,500.0,0.0,400.0,-400.0,0,-400.0,"[7c,8s,3d,5c,4s]",1.0
"[7c,8s,3d,5c,4s]",2,,,CNN_6,0.750579,1,3,3,check,200.0,0,0.0,100.0,0,000,500.0,1000.0,400.0,600.0,200.0,400.0,"[4h,8d,2d,7h,5s]",0.0
"[4h,8d,2d,7h,5s]",2,"[4h,8d,2d,7h,5s]","[4h,8d,2d,7h,5s]",CNN_45,0.815381,0,0,0,draw,200.0,0,0.0,100.0,,0000,500.0,0.0,400.0,-400.0,0,-400.0,"[7c,8s,3d,5c,4s]",1.0
"[7c,8s,3d,5c,4s]",2,"[7c,8s,3d,5c,4s]","[7c,8s,3d,5c,4s]",CNN_6,0.750579,1,0,0,draw,200.0,0,0.0,100.0,,0000,500.0,1000.0,400.0,600.0,200.0,400.0,"[4h,8d,2d,7h,5s]",0.0
"[4h,8d,2d,7h,5s]",1,,,CNN_45,0.786358,0,5,5,bet_big,200.0,200.0,1.0,100.0,,0000,500.0,0.0,400.0,-400.0,-200.0,-200.0,"[7c,8s,3d,5c,4s]",1.0
"[7c,8s,3d,5c,4s]",1,,,CNN_6,0.764085,1,5,5,call_big,400.0,200.0,2.0,100.0,1,00001,500.0,1000.0,400.0,600.0,400.0,200.0,"[4h,8d,2d,7h,5s]",0.0
"[4h,8d,2d,7h,5s]",1,"[4h,2d,7h,5s]","[4h,2d,7h,5s,Tc]",CNN_45,0.329839,0,0,0,draw,600.0,0,0.0,300.0,,000010,500.0,0.0,200.0,-200.0,0,-200.0,"[7c,8s,3d,5c,4s]",1.0
"[7c,8s,3d,5c,4s]",1,"[7c,8s,3d,5c,4s]","[7c,8s,3d,5c,4s]",CNN_6,0.764085,1,0,0,draw,600.0,0,0.0,300.0,,000010,500.0,1000.0,200.0,800.0,600.0,200.0,"[4h,2d,7h,5s,Tc]",1.0
"[4h,2d,7h,5s,Tc]",0,,,CNN_45,0.371568,0,4,5,check,600.0,0,0.0,300.0,,000010,500.0,0.0,200.0,-200.0,0,-200.0,"[7c,8s,3d,5c,4s]",0.0
"[7c,8s,3d,5c,4s]",0,,,CNN_6,0.764085,1,5,4,bet_big,600.0,200.0,3.0,300.0,0,0000100,500.0,1000.0,200.0,800.0,600.0,200.0,"[4h,2d,7h,5s,Tc]",1.0
"[4h,2d,7h,5s,Tc]",0,,,CNN_45,0.371568,0,4,5,call_big,800.0,200.0,4.0,300.0,01,00001001,500.0,0.0,200.0,-200.0,-200.0,0.0,"[7c,8s,3d,5c,4s]",0.0
"[2s,7d,Ks,4s,3h]",3,,,CNN_6,0.3,0,0,0,pos_BB,0.0,100,0.0,0.0,,,700.0,0.0,700.0,-700.0,-100,-600.0,"[9d,As,Ad,6d,9s]",1.0
"[9d,As,Ad,6d,9s]",3,,,CNN_45,0.3,1,0,0,pos_SB,100.0,50,2.0,0.0,,,700.0,1400.0,700.0,700.0,100.0,600.0,"[2s,7d,Ks,4s,3h]",0.0
"[9d,As,Ad,6d,9s]",3,,,CNN_45,0.315474,1,0,0,call_small,150.0,50.0,3.0,50.0,,,700.0,1400.0,650.0,750.0,150.0,600.0,"[2s,7d,Ks,4s,3h]",0.0
"[2s,7d,Ks,4s,3h]",3,,,CNN_6,0.643071,0,0,0,raise_small,200.0,100.0,2.0,100.0,0,0,700.0,0.0,600.0,-600.0,-100.0,-500.0,"[9d,As,Ad,6d,9s]",1.0
"[9d,As,Ad,6d,9s]",3,,,CNN_45,0.315474,1,0,0,raise_small,300.0,200.0,1.5,100.0,01,01,700.0,1400.0,600.0,800.0,300.0,500.0,"[2s,7d,Ks,4s,3h]",0.0
"[2s,7d,Ks,4s,3h]",3,,,CNN_6,0.643071,0,0,0,raise_small,500.0,200.0,2.5,200.0,011,011,700.0,0.0,500.0,-500.0,-200.0,-300.0,"[9d,As,Ad,6d,9s]",1.0
"[9d,As,Ad,6d,9s]",3,,,CNN_45,0.315474,1,0,0,call_small,700.0,100.0,7.0,300.0,0111,0111,700.0,1400.0,400.0,1000.0,700.0,300.0,"[2s,7d,Ks,4s,3h]",0.0
"[2s,7d,Ks,4s,3h]",3,"[2s,7d,4s,3h]","[2s,7d,4s,3h,4d]",CNN_6,0.643071,0,0,0,draw,800.0,0,0.0,400.0,,01110,700.0,0.0,300.0,-300.0,0,-300.0,"[9d,As,Ad,6d,9s]",1.0
"[9d,As,Ad,6d,9s]",3,"[9d,6d]","[9d,6d,5c,Kh,3s]",CNN_45,0.315474,1,0,0,draw,800.0,0,0.0,400.0,,01110,700.0,1400.0,300.0,1100.0,800.0,300.0,"[2s,7d,4s,3h,4d]",0.0
"[2s,7d,4s,3h,4d]",2,,,CNN_6,0.533371,0,4,2,bet_small,800.0,100.0,8.0,400.0,,01110,700.0,0.0,300.0,-300.0,-100.0,-200.0,"[9d,6d,5c,Kh,3s]",0.0
"[9d,6d,5c,Kh,3s]",2,,,CNN_45,0.382253,1,2,4,call_small,900.0,100.0,9.0,400.0,1,011101,700.0,1400.0,300.0,1100.0,900.0,200.0,"[2s,7d,4s,3h,4d]",1.0
"[2s,7d,4s,3h,4d]",2,"[2s,7d,3h,4d]","[2s,7d,3h,4d,Kd]",CNN_6,0.533371,0,0,0,draw,1000.0,0,0.0,500.0,,0111010,700.0,0.0,200.0,-200.0,0,-200.0,"[9d,6d,5c,Kh,3s]",0.0
"[9d,6d,5c,Kh,3s]",2,"[9d,6d,5c,3s]","[9d,6d,5c,3s,8h]",CNN_45,0.382253,1,0,0,draw,1000.0,0,0.0,500.0,,0111010,700.0,1400.0,200.0,1200.0,1000.0,200.0,"[2s,7d,3h,4d,Kd]",0.0
"[2s,7d,3h,4d,Kd]",1,,,CNN_6,0.317457,0,4,4,check,1000.0,0,0.0,500.0,,0111010,700.0,0.0,200.0,-200.0,0,-200.0,"[9d,6d,5c,3s,8h]",0.0
"[9d,6d,5c,3s,8h]",1,,,CNN_45,0.514031,1,4,4,check,1000.0,0,0.0,500.0,0,01110100,700.0,1400.0,200.0,1200.0,1000.0,200.0,"[2s,7d,3h,4d,Kd]",1.0
"[2s,7d,3h,4d,Kd]",1,"[2s,7d,3h,4d]","[2s,7d,3h,4d,Jc]",CNN_6,0.317457,0,0,0,draw,1000.0,0,0.0,500.0,,011101000,700.0,0.0,200.0,-200.0,0,-200.0,"[9d,6d,5c,3s,8h]",0.0
"[9d,6d,5c,3s,8h]",1,"[9d,6d,5c,3s,8h]","[9d,6d,5c,3s,8h]",CNN_45,0.514031,1,0,0,draw,1000.0,0,0.0,500.0,,011101000,700.0,1400.0,200.0,1200.0,1000.0,200.0,"[2s,7d,3h,4d,Jc]",1.0
"[2s,7d,3h,4d,Jc]",0,,,CNN_6,0.224041,0,4,5,check,1000.0,0,0.0,500.0,,011101000,700.0,0.0,200.0,-200.0,0,-200.0,"[9d,6d,5c,3s,8h]",0.0
"[9d,6d,5c,3s,8h]",0,,,CNN_45,0.514031,1,5,4,bet_big,1000.0,200.0,5.0,500.0,0,0111010000,700.0,1400.0,200.0,1200.0,1000.0,200.0,"[2s,7d,3h,4d,Jc]",1.0
"[2s,7d,3h,4d,Jc]",0,,,CNN_6,0.224041,0,4,5,call_big,1200.0,200.0,6.0,500.0,01,01110100001,700.0,0.0,200.0,-200.0,-200.0,0.0,"[9d,6d,5c,3s,8h]",0.0
"[Kc,5s,Kh,9h,Ac]",3,,,CNN_45,0.3,0,0,0,pos_BB,0.0,100,0.0,0.0,,,600.0,1200.0,600.0,600.0,0.0,600.0,"[As,Ah,7d,Tc,2s]",1.0
"[As,Ah,7d,Tc,2s]",3,,,CNN_6,0.3,1,0,0,pos_SB,100.0,50,2.0,0.0,,,600.0,0.0,600.0,-600.0,-50,-550.0,"[Kc,5s,Kh,9h,Ac]",0.0
"[As,Ah,7d,Tc,2s]",3,,,CNN_6,0.387621,1,0,0,raise_small,150.0,150.0,1.0,50.0,,,600.0,0.0,550.0,-550.0,-150.0,-400.0,"[Kc,5s,Kh,9h,Ac]",0.0
"[Kc,5s,Kh,9h,Ac]",3,,,CNN_45,0.333297,0,0,0,call_small,300.0,100.0,3.0,100.0,1,1,600.0,1200.0,500.0,700.0,300.0,400.0,"[As,Ah,7d,Tc,2s]",1.0
"[Kc,5s,Kh,9h,Ac]",3,"[5s,9h]","[5s,9h,6c,8s,Qd]",CNN_45,0.333297,0,0,0,draw,400.0,0,0.0,200.0,,10,600.0,1200.0,400.0,800.0,400.0,400.0,"[As,Ah,7d,Tc,2s]",1.0
"[As,Ah,7d,Tc,2s]",3,"[7d,2s]","[7d,2s,4c,3c,4d]",CNN_6,0.387621,1,0,0,draw,400.0,0,0.0,200.0,,10,600.0,0.0,400.0,-400.0,0,-400.0,"[5s,9h,6c,8s,Qd]",0.0
"[5s,9h,6c,8s,Qd]",2,,,CNN_45,0.27751,0,2,2,check,400.0,0,0.0,200.0,,10,600.0,1200.0,400.0,800.0,400.0,400.0,"[7d,2s,4c,3c,4d]",1.0
"[7d,2s,4c,3c,4d]",2,,,CNN_6,0.520891,1,2,2,check,400.0,0,0.0,200.0,0,100,600.0,0.0,400.0,-400.0,0,-400.0,"[5s,9h,6c,8s,Qd]",0.0
"[5s,9h,6c,8s,Qd]",2,"[5s,6c,8s]","[5s,6c,8s,Td,6d]",CNN_45,0.27751,0,0,0,draw,400.0,0,0.0,200.0,,1000,600.0,1200.0,400.0,800.0,400.0,400.0,"[7d,2s,4c,3c,4d]",1.0
"[7d,2s,4c,3c,4d]",2,"[7d,2s,4c,3c]","[7d,2s,4c,3c,3s]",CNN_6,0.520891,1,0,0,draw,400.0,0,0.0,200.0,,1000,600.0,0.0,400.0,-400.0,0,-400.0,"[5s,6c,8s,Td,6d]",1.0
"[5s,6c,8s,Td,6d]",1,,,CNN_45,0.167805,0,3,4,check,400.0,0,0.0,200.0,,1000,600.0,1200.0,400.0,800.0,400.0,400.0,"[7d,2s,4c,3c,3s]",0.0
"[7d,2s,4c,3c,3s]",1,,,CNN_6,0.306171,1,4,3,bet_big,400.0,200.0,2.0,200.0,0,10000,600.0,0.0,400.0,-400.0,-200.0,-200.0,"[5s,6c,8s,Td,6d]",1.0
"[5s,6c,8s,Td,6d]",1,,,CNN_45,0.167805,0,3,4,call_big,600.0,200.0,3.0,200.0,01,100001,600.0,1200.0,400.0,800.0,600.0,200.0,"[7d,2s,4c,3c,3s]",0.0
"[5s,6c,8s,Td,6d]",1,"[5s,6c,8s,Td]","[5s,6c,8s,Td,Jc]",CNN_45,0.167805,0,0,0,draw,800.0,0,0.0,400.0,,1000010,600.0,1200.0,200.0,1000.0,800.0,200.0,"[7d,2s,4c,3c,3s]",0.0
"[7d,2s,4c,3c,3s]",1,"[2s,3c]","[2s,3c,7c,4s,Qc]",CNN_6,0.132227,1,0,0,draw,800.0,0,0.0,400.0,,1000010,600.0,0.0,200.0,-200.0,0,-200.0,"[5s,6c,8s,Td,Jc]",0.0
"[5s,6c,8s,Td,Jc]",0,,,CNN_45,0.0966207,0,4,2,bet_big,800.0,200.0,4.0,400.0,,1000010,600.0,1200.0,200.0,1000.0,800.0,200.0,"[2s,3c,7c,4s,Qc]",1.0
"[2s,3c,7c,4s,Qc]",0,,,CNN_6,0.126828,1,2,4,call_big,1000.0,200.0,5.0,400.0,1,10000101,600.0,0.0,200.0,-200.0,-200.0,0.0,"[5s,6c,8s,Td,Jc]",0.0
"[Qs,Qh,9c,5s,3h]",3,,,CNN_6,0.3,0,0,0,pos_BB,0.0,100,0.0,0.0,,,100.0,150.0,100.0,50.0,0.0,50.0,"[Kc,9h,Jd,Js,6d]",0.0
"[Kc,9h,Jd,Js,6d]",3,,,CNN_45,0.3,1,0,0,pos_SB,100.0,50,2.0,0.0,,,50.0,0.0,50.0,-50.0,-50,0.0,"[Qs,Qh,9c,5s,3h]",1.0
"[Kc,9h,Jd,Js,6d]",3,,,CNN_45,0.315547,1,0,0,FOLD,150.0,0,0.0,50.0,,,50.0,0.0,0.0,0.0,0,0,"[Qs,Qh,9c,5s,3h]",1.0
"[Qh,Kh,4d,Ah,2c]",3,,,CNN_45,0.3,0,0,0,pos_BB,0.0,100,0.0,0.0,,,300.0,500.0,300.0,200.0,0.0,200.0,"[4s,Jc,9h,4h,Ts]",1.0
"[4s,Jc,9h,4h,Ts]",3,,,CNN_6,0.3,1,0,0,pos_SB,100.0,50,2.0,0.0,,,200.0,0.0,200.0,-200.0,-50,-150.0,"[Qh,Kh,4d,Ah,2c]",0.0
"[4s,Jc,9h,4h,Ts]",3,,,CNN_6,0.323344,1,0,0,call_small,150.0,50.0,3.0,50.0,,,200.0,0.0,150.0,-150.0,-50.0,-100.0,"[Qh,Kh,4d,Ah,2c]",0.0
"[Qh,Kh,4d,Ah,2c]",3,,,CNN_45,0.411859,0,0,0,raise_small,200.0,100.0,2.0,100.0,0,0,300.0,500.0,200.0,300.0,200.0,100.0,"[4s,Jc,9h,4h,Ts]",1.0
"[4s,Jc,9h,4h,Ts]",3,,,CNN_6,0.323344,1,0,0,call_small,300.0,100.0,3.0,100.0,01,01,200.0,0.0,100.0,-100.0,-100.0,0.0,"[Qh,Kh,4d,Ah,2c]",0.0
"[Qh,Kh,4d,Ah,2c]",3,"[4d,2c]","[4d,2c,7h,Kc,3s]",CNN_45,0.411859,0,0,0,draw,400.0,0,0.0,200.0,,010,300.0,500.0,100.0,400.0,400.0,0.0,"[4s,Jc,9h,4h,Ts]",1.0
"[4s,Jc,9h,4h,Ts]",3,"[9h,4h]","[9h,4h,Tc,Ad,Qc]",CNN_6,0.323344,1,0,0,draw,400.0,0,0.0,200.0,,010,200.0,0.0,0.0,0.0,0,0,"[4d,2c,7h,Kc,3s]",0.0
"[4d,2c,7h,Kc,3s]",2,,,CNN_45,0.515456,0,2,2,bet_small,400.0,100.0,4.0,200.0,,010,300.0,500.0,100.0,400.0,400.0,0.0,"[9h,4h,Tc,Ad,Qc]",1.0
"[9h,4h,Tc,Ad,Qc]",2,,,CNN_6,0.236009,1,2,2,FOLD,500.0,0,0.0,200.0,1,0101,200.0,0.0,0.0,0.0,0,0,"[4d,2c,7h,Kc,3s]",0.0
"[8d,3h,5c,2s,3s]",3,,,CNN_6,0.3,0,0,0,pos_BB,0.0,100,0.0,0.0,,,300.0,500.0,300.0,200.0,0.0,200.0,"[Qc,Tc,8c,3d,Jc]",0.0
"[Qc,Tc,8c,3d,Jc]",3,,,CNN_45,0.3,1,0,0,pos_SB,100.0,50,2.0,0.0,,,200.0,0.0,200.0,-200.0,-50,-150.0,"[8d,3h,5c,2s,3s]",1.0
"[Qc,Tc,8c,3d,Jc]",3,,,CNN_45,0.373623,1,0,0,raise_small,150.0,150.0,1.0,50.0,,,200.0,0.0,150.0,-150.0,-150.0,0.0,"[8d,3h,5c,2s,3s]",1.0
"[8d,3h,5c,2s,3s]",3,,,CNN_6,0.59816,0,0,0,call_small,300.0,100.0,3.0,100.0,1,1,300.0,500.0,200.0,300.0,300.0,0.0,"[Qc,Tc,8c,3d,Jc]",0.0
"[8d,3h,5c,2s,3s]",3,"[8d,3h,5c,2s]","[8d,3h,5c,2s,Ks]",CNN_6,0.59816,0,0,0,draw,400.0,0,0.0,200.0,,10,300.0,500.0,100.0,400.0,400.0,0.0,"[Qc,Tc,8c,3d,Jc]",0.0
"[Qc,Tc,8c,3d,Jc]",3,"[8c,3d]","[8c,3d,2h,2d,Qd]",CNN_45,0.373623,1,0,0,draw,400.0,0,0.0,200.0,,10,200.0,0.0,0.0,0.0,0,0,"[8d,3h,5c,2s,Ks]",1.0
"[8d,3h,5c,2s,Ks]",2,,,CNN_6,0.492005,0,4,2,bet_small,400.0,100.0,4.0,200.0,,10,300.0,500.0,100.0,400.0,400.0,0.0,"[8c,3d,2h,2d,Qd]",1.0
"[8c,3d,2h,2d,Qd]",2,,,CNN_45,0.349068,1,2,4,FOLD,500.0,0,0.0,200.0,1,101,200.0,0.0,0.0,0.0,0,0,"[8d,3h,5c,2s,Ks]",0.0
"[5s,Tc,Ac,Qd,2c]",3,,,CNN_45,0.3,0,0,0,pos_BB,0.0,100,0.0,0.0,,,700.0,0.0,700.0,-700.0,-100,-600.0,"[3d,6c,5h,Kd,4c]",0.0
"[3d,6c,5h,Kd,4c]",3,,,CNN_6,0.3,1,0,0,pos_SB,100.0,50,2.0,0.0,,,900.0,1600.0,900.0,700.0,100.0,600.0,"[5s,Tc,Ac,Qd,2c]",1.0
"[3d,6c,5h,Kd,4c]",3,,,CNN_6,0.524713,1,0,0,raise_small,150.0,150.0,1.0,50.0,,,900.0,1600.0,850.0,750.0,150.0,600.0,"[5s,Tc,Ac,Qd,2c]",1.0
"[5s,Tc,Ac,Qd,2c]",3,,,CNN_45,0.388853,0,0,0,call_small,300.0,100.0,3.0,100.0,1,1,700.0,0.0,600.0,-600.0,-100.0,-500.0,"[3d,6c,5h,Kd,4c]",0.0
"[5s,Tc,Ac,Qd,2c]",3,"[5s,2c]","[5s,2c,Kc,4h,Jc]",CNN_45,0.388853,0,0,0,draw,400.0,0,0.0,200.0,,10,700.0,0.0,500.0,-500.0,0,-500.0,"[3d,6c,5h,Kd,4c]",0.0
"[3d,6c,5h,Kd,4c]",3,"[3d,6c,5h,4c]","[3d,6c,5h,4c,8c]",CNN_6,0.524713,1,0,0,draw,400.0,0,0.0,200.0,,10,900.0,1600.0,700.0,900.0,400.0,500.0,"[5s,2c,Kc,4h,Jc]",1.0
"[5s,2c,Kc,4h,Jc]",2,,,CNN_45,0.354534,0,2,4,bet_small,400.0,100.0,4.0,200.0,,10,700.0,0.0,500.0,-500.0,-100.0,-400.0,"[3d,6c,5h,4c,8c]",0.0
"[3d,6c,5h,4c,8c]",2,,,CNN_6,0.744556,1,4,2,call_small,500.0,100.0,5.0,200.0,1,101,900.0,1600.0,700.0,900.0,500.0,400.0,"[5s,2c,Kc,4h,Jc]",1.0
"[5s,2c,Kc,4h,Jc]",2,"[5s,2c,4h,Jc]","[5s,2c,4h,Jc,Ah]",CNN_45,0.274239,0,0,0,draw,600.0,0,0.0,300.0,,1010,700.0,0.0,400.0,-400.0,0,-400.0,"[3d,6c,5h,4c,8c]",0.0
"[3d,6c,5h,4c,8c]",2,"[3d,6c,4c,8c]","[3d,6c,4c,8c,7h]",CNN_6,0.444993,1,0,0,draw,600.0,0,0.0,300.0,,1010,900.0,1600.0,600.0,1000.0,600.0,400.0,"[5s,2c,4h,Jc,Ah]",1.0
"[5s,2c,4h,Jc,Ah]",1,,,CNN_45,0.170999,0,4,4,check,600.0,0,0.0,300.0,,1010,700.0,0.0,400.0,-400.0,0,-400.0,"[3d,6c,4c,8c,7h]",0.0
"[3d,6c,4c,8c,7h]",1,,,CNN_6,0.668256,1,4,4,bet_big,600.0,200.0,3.0,300.0,0,10100,900.0,1600.0,600.0,1000.0,600.0,400.0,"[5s,2c,4h,Jc,Ah]",1.0
"[5s,2c,4h,Jc,Ah]",1,,,CNN_45,0.170999,0,4,4,raise_big,800.0,400.0,2.0,300.0,01,101001,700.0,0.0,400.0,-400.0,-400.0,0.0,"[3d,6c,4c,8c,7h]",0.0
"[3d,6c,4c,8c,7h]",1,,,CNN_6,0.668256,1,4,4,call_big,1200.0,200.0,6.0,500.0,011,1010011,900.0,1600.0,400.0,1200.0,1200.0,0.0,"[5s,2c,4h,Jc,Ah]",1.0
"[5s,2c,4h,Jc,Ah]",1,"